tenure_months,monthly_charges,total_tickets,contract_type,payment_method,churn
52,119.41,2,month-to-month,electronic_check,1
15,21.11,2,month-to-month,electronic_check,1
61,93.02,0,one-year,electronic_check,1
21,77.18,0,two-year,credit_card,0
24,63.41,1,month-to-month,bank_transfer,1
3,32.76,2,one-year,credit_card,1
22,60.91,2,month-to-month,electronic_check,1
53,55.44,0,two-year,bank_transfer,0
2,50.28,0,one-year,bank_transfer,1
30,93.09,1,one-year,electronic_check,1
38,90.07,0,month-to-month,bank_transfer,1
2,78.9,0,month-to-month,bank_transfer,1
64,113.87,1,one-year,credit_card,0
60,54.99,1,month-to-month,electronic_check,1
21,44.38,1,month-to-month,credit_card,0
33,85.59,3,month-to-month,credit_card,0
58,39.88,0,month-to-month,credit_card,0
22,51.5,2,one-year,credit_card,1
49,42.46,4,month-to-month,electronic_check,0
59,26.92,0,month-to-month,bank_transfer,0
42,102.75,0,month-to-month,credit_card,0
60,45.45,1,two-year,bank_transfer,0
15,67.3,1,two-year,electronic_check,1
62,24.33,2,month-to-month,credit_card,0
62,89.93,1,one-year,bank_transfer,0
47,53.06,1,month-to-month,credit_card,1
62,94.47,1,month-to-month,bank_transfer,0
51,61.24,3,one-year,credit_card,0
55,39.58,2,month-to-month,credit_card,0
64,71.32,3,month-to-month,bank_transfer,0
3,33.05,1,one-year,electronic_check,1
51,64.05,0,two-year,electronic_check,0
7,51.73,3,two-year,bank_transfer,1
21,111.2,0,one-year,credit_card,1
39,26.09,0,month-to-month,bank_transfer,0
18,89.4,2,month-to-month,electronic_check,1
4,38.28,0,two-year,electronic_check,0
60,51.9,1,month-to-month,bank_transfer,0
14,61.55,2,one-year,bank_transfer,1
9,110.8,2,month-to-month,credit_card,1
53,44.26,2,month-to-month,bank_transfer,1
2,29.13,1,month-to-month,electronic_check,1
60,51.87,4,two-year,bank_transfer,1
71,30.47,2,month-to-month,credit_card,0
44,32.86,2,one-year,bank_transfer,0
8,77.39,2,two-year,electronic_check,1
47,26.09,0,two-year,electronic_check,0
35,23.09,2,month-to-month,credit_card,0
36,91.44,0,month-to-month,electronic_check,1
50,56.16,1,two-year,electronic_check,1
4,32.54,2,month-to-month,electronic_check,1
2,45.36,0,month-to-month,credit_card,1
6,84.21,0,month-to-month,electronic_check,1
54,47.55,1,month-to-month,credit_card,0
4,69.45,2,month-to-month,bank_transfer,1
54,32.17,2,one-year,bank_transfer,0
63,78.81,2,one-year,credit_card,0
18,51.61,1,month-to-month,bank_transfer,1
44,82.7,0,two-year,bank_transfer,1
34,100.84,0,month-to-month,electronic_check,1
62,81.16,3,month-to-month,bank_transfer,1
14,49.57,1,two-year,credit_card,0
48,45.57,1,month-to-month,credit_card,0
15,52.74,1,one-year,credit_card,1
62,36.46,2,one-year,credit_card,0
40,38.12,4,one-year,credit_card,0
53,99.07,0,month-to-month,credit_card,1
24,58.47,2,month-to-month,bank_transfer,1
26,63.6,2,month-to-month,bank_transfer,1
60,79.4,2,month-to-month,credit_card,1
41,78.97,2,month-to-month,bank_transfer,1
29,26.74,2,two-year,credit_card,0
15,103.15,2,month-to-month,electronic_check,1
45,37.73,4,two-year,electronic_check,1
65,92.31,1,month-to-month,electronic_check,1
71,97.27,1,one-year,electronic_check,0
9,91.49,3,two-year,credit_card,1
1,77.9,3,two-year,electronic_check,0
8,21.46,3,month-to-month,bank_transfer,1
63,56.04,3,two-year,electronic_check,0
11,80.48,2,month-to-month,electronic_check,1
8,58.75,0,month-to-month,electronic_check,1
35,106.35,0,one-year,credit_card,1
35,50.88,2,two-year,credit_card,0
33,49.35,2,two-year,bank_transfer,0
5,46.6,2,month-to-month,credit_card,1
41,53.28,0,one-year,credit_card,0
28,75.74,2,two-year,bank_transfer,0
7,90.7,2,month-to-month,electronic_check,1
12,86.26,1,one-year,electronic_check,1
34,100.77,2,month-to-month,electronic_check,1
33,108.59,1,month-to-month,electronic_check,1
48,101.61,1,one-year,electronic_check,1
23,21.89,1,month-to-month,electronic_check,0
62,93.59,1,month-to-month,credit_card,1
37,40.84,2,month-to-month,credit_card,1
44,33.29,1,one-year,electronic_check,0
35,83.85,0,month-to-month,credit_card,0
65,51.97,3,month-to-month,credit_card,0
47,25.71,4,one-year,electronic_check,0
3,33.76,0,month-to-month,bank_transfer,0
1,20.09,2,two-year,electronic_check,0
5,110.32,1,month-to-month,electronic_check,1
14,22.46,1,month-to-month,bank_transfer,1
27,40.95,2,month-to-month,bank_transfer,0
9,61.63,2,month-to-month,electronic_check,1
15,55.66,0,two-year,bank_transfer,1
42,111.17,1,month-to-month,credit_card,1
51,24.03,1,one-year,credit_card,0
63,71.22,1,month-to-month,credit_card,0
52,88.05,2,one-year,credit_card,0
4,113.17,2,two-year,credit_card,1
23,82.04,2,month-to-month,electronic_check,1
15,100.38,1,one-year,credit_card,1
43,28.37,3,two-year,credit_card,1
29,58.59,4,one-year,electronic_check,1
36,57.39,2,month-to-month,bank_transfer,1
13,108.63,2,month-to-month,bank_transfer,1
32,35.14,0,month-to-month,electronic_check,0
71,35.19,2,two-year,electronic_check,0
59,52.86,3,one-year,electronic_check,1
28,25.45,1,two-year,credit_card,0
66,38.25,1,month-to-month,electronic_check,0
42,116.52,2,month-to-month,electronic_check,1
45,62.82,0,month-to-month,electronic_check,0
62,83.2,2,month-to-month,credit_card,1
57,92.61,1,month-to-month,credit_card,0
6,56.7,1,month-to-month,bank_transfer,1
28,34.72,1,two-year,electronic_check,0
28,40.66,1,month-to-month,bank_transfer,0
44,51.33,0,month-to-month,credit_card,0
30,83.61,2,two-year,credit_card,1
62,59.83,0,two-year,credit_card,0
62,20.68,0,month-to-month,electronic_check,0
1,72.34,2,two-year,electronic_check,1
27,112.15,4,month-to-month,electronic_check,1
62,101.21,0,month-to-month,credit_card,1
3,102.52,1,two-year,bank_transfer,1
70,99.51,2,one-year,credit_card,0
27,52.37,1,two-year,credit_card,1
9,96.52,1,two-year,credit_card,1
62,34.32,0,month-to-month,electronic_check,0
37,85.77,1,one-year,electronic_check,1
51,84.16,0,month-to-month,credit_card,1
44,22.56,0,month-to-month,credit_card,0
24,98.8,2,month-to-month,bank_transfer,1
59,110.32,0,month-to-month,credit_card,1
32,46.74,1,two-year,electronic_check,1
52,101.24,3,two-year,electronic_check,0
62,28.24,4,one-year,bank_transfer,0
58,80.0,1,month-to-month,credit_card,1
52,68.56,1,one-year,bank_transfer,0
12,74.59,2,one-year,bank_transfer,1
39,112.62,0,two-year,electronic_check,1
2,107.13,2,month-to-month,electronic_check,1
3,98.51,4,month-to-month,credit_card,1
56,47.37,2,two-year,electronic_check,1
59,111.18,1,two-year,credit_card,1
2,29.75,0,month-to-month,credit_card,1
2,105.33,6,month-to-month,credit_card,1
54,52.82,1,two-year,credit_card,0
1,25.38,1,one-year,bank_transfer,1
19,86.94,4,one-year,bank_transfer,1
2,43.13,1,month-to-month,electronic_check,1
53,44.36,1,month-to-month,electronic_check,0
44,50.6,0,month-to-month,bank_transfer,0
32,26.37,2,one-year,electronic_check,0
70,37.71,1,month-to-month,credit_card,0
32,20.51,3,month-to-month,credit_card,0
68,64.54,3,month-to-month,electronic_check,1
55,28.43,2,month-to-month,electronic_check,1
56,88.27,0,month-to-month,electronic_check,1
17,43.56,1,month-to-month,bank_transfer,1
38,114.36,0,two-year,credit_card,1
24,107.13,6,month-to-month,bank_transfer,1
69,48.94,3,month-to-month,electronic_check,0
70,98.32,2,month-to-month,electronic_check,1
11,100.32,4,two-year,electronic_check,1
16,118.66,0,month-to-month,bank_transfer,1
59,79.78,0,month-to-month,electronic_check,0
70,28.2,2,month-to-month,electronic_check,0
3,84.68,2,one-year,electronic_check,1
20,82.5,2,one-year,bank_transfer,1
59,83.84,0,month-to-month,bank_transfer,0
36,50.71,2,month-to-month,credit_card,1
19,105.97,3,month-to-month,bank_transfer,1
67,115.95,1,one-year,bank_transfer,0
19,41.77,5,one-year,electronic_check,1
20,28.82,0,month-to-month,electronic_check,0
71,39.45,2,one-year,bank_transfer,1
52,102.06,0,month-to-month,electronic_check,1
33,87.66,1,one-year,electronic_check,1
40,83.6,0,one-year,electronic_check,1
39,60.18,1,two-year,electronic_check,0
1,77.78,4,month-to-month,electronic_check,1
11,50.79,2,month-to-month,credit_card,1
57,67.72,2,month-to-month,electronic_check,1
50,99.31,5,month-to-month,electronic_check,1
23,118.12,2,month-to-month,electronic_check,1
31,113.25,0,month-to-month,bank_transfer,1
42,113.39,1,month-to-month,credit_card,1
7,60.22,5,two-year,electronic_check,1
16,66.88,1,one-year,credit_card,0
60,90.56,1,month-to-month,electronic_check,1
2,112.22,2,month-to-month,bank_transfer,1
1,34.2,2,month-to-month,bank_transfer,1
48,50.42,2,month-to-month,credit_card,0
12,33.92,0,month-to-month,bank_transfer,0
69,81.2,4,month-to-month,electronic_check,1
37,50.63,0,two-year,bank_transfer,0
32,52.61,2,one-year,electronic_check,0
9,27.09,2,month-to-month,credit_card,1
19,54.98,3,two-year,electronic_check,1
48,106.25,2,month-to-month,bank_transfer,1
3,43.31,3,month-to-month,electronic_check,1
20,89.52,0,month-to-month,electronic_check,1
24,82.96,2,one-year,bank_transfer,1
54,106.35,3,month-to-month,bank_transfer,1
33,33.23,2,month-to-month,electronic_check,1
24,117.76,0,two-year,electronic_check,1
36,78.26,1,month-to-month,credit_card,1
38,119.55,1,one-year,electronic_check,1
25,111.15,1,two-year,bank_transfer,1
18,42.15,4,month-to-month,bank_transfer,1
66,25.62,2,two-year,bank_transfer,0
54,45.56,2,one-year,electronic_check,0
35,72.76,1,two-year,credit_card,1
61,37.16,1,month-to-month,electronic_check,0
41,36.75,1,two-year,electronic_check,0
33,66.26,4,month-to-month,bank_transfer,1
68,23.33,1,one-year,electronic_check,0
33,32.19,1,month-to-month,electronic_check,0
14,61.59,4,month-to-month,credit_card,1
21,26.31,2,month-to-month,credit_card,0
48,59.68,1,month-to-month,bank_transfer,1
20,67.4,4,month-to-month,electronic_check,1
8,65.13,0,month-to-month,electronic_check,1
7,106.92,1,month-to-month,bank_transfer,1
67,73.01,2,month-to-month,bank_transfer,1
17,66.8,2,month-to-month,electronic_check,1
33,61.07,2,month-to-month,credit_card,1
48,101.76,1,two-year,electronic_check,0
59,109.51,1,one-year,electronic_check,1
22,105.32,0,month-to-month,electronic_check,1
30,87.35,1,month-to-month,credit_card,0
38,33.74,1,one-year,electronic_check,1
51,47.69,3,month-to-month,electronic_check,0
54,24.61,1,month-to-month,electronic_check,1
8,113.08,2,month-to-month,credit_card,1
27,86.08,1,two-year,bank_transfer,0
27,94.64,1,month-to-month,electronic_check,0
21,51.16,3,one-year,credit_card,1
30,104.57,1,month-to-month,electronic_check,1
28,45.96,0,one-year,bank_transfer,1
64,20.16,1,month-to-month,bank_transfer,0
69,57.64,4,month-to-month,bank_transfer,1
61,77.08,3,month-to-month,electronic_check,1
48,67.87,1,two-year,credit_card,0
19,106.21,1,month-to-month,bank_transfer,1
4,30.54,2,month-to-month,credit_card,0
35,75.38,0,one-year,credit_card,0
64,71.3,1,one-year,credit_card,0
49,48.14,3,month-to-month,bank_transfer,0
17,102.22,0,month-to-month,electronic_check,1
44,95.28,1,month-to-month,credit_card,1
30,93.29,3,month-to-month,credit_card,1
46,107.62,5,two-year,credit_card,1
6,92.28,2,month-to-month,electronic_check,1
37,43.18,1,two-year,bank_transfer,0
24,90.56,1,month-to-month,credit_card,1
46,50.77,0,month-to-month,credit_card,1
53,44.22,3,month-to-month,electronic_check,1
60,27.3,1,one-year,bank_transfer,0
63,94.4,2,month-to-month,bank_transfer,1
32,91.1,2,one-year,electronic_check,1
33,43.45,1,one-year,credit_card,0
67,94.94,2,month-to-month,bank_transfer,0
18,111.78,2,month-to-month,bank_transfer,1
25,30.8,1,month-to-month,credit_card,1
54,43.26,1,one-year,electronic_check,0
58,95.03,2,month-to-month,credit_card,0
67,47.45,0,one-year,credit_card,0
46,82.47,0,month-to-month,credit_card,1
24,28.12,1,one-year,bank_transfer,0
32,65.22,0,one-year,electronic_check,1
47,93.91,2,month-to-month,bank_transfer,1
23,88.65,4,two-year,electronic_check,1
66,101.51,2,one-year,bank_transfer,0
27,107.75,4,month-to-month,bank_transfer,1
2,97.32,2,one-year,bank_transfer,1
17,87.16,6,one-year,bank_transfer,1
33,23.17,0,month-to-month,credit_card,0
9,73.5,1,month-to-month,credit_card,1
43,23.77,1,month-to-month,bank_transfer,0
48,100.81,4,two-year,credit_card,1
39,52.07,2,one-year,electronic_check,0
42,76.24,2,month-to-month,credit_card,0
26,47.94,2,month-to-month,electronic_check,1
50,98.25,1,month-to-month,bank_transfer,1
25,108.65,0,month-to-month,bank_transfer,1
24,59.86,1,month-to-month,bank_transfer,1
13,106.29,1,month-to-month,electronic_check,1
60,46.71,2,two-year,electronic_check,1
7,73.47,1,two-year,electronic_check,1
57,105.88,4,month-to-month,bank_transfer,1
36,52.59,2,month-to-month,electronic_check,0
45,115.4,1,two-year,electronic_check,1
20,32.19,0,month-to-month,electronic_check,0
65,21.83,1,one-year,electronic_check,1
8,110.41,3,two-year,credit_card,1
16,26.86,2,one-year,bank_transfer,1
14,119.19,2,month-to-month,credit_card,1
15,115.14,3,two-year,bank_transfer,1
66,33.7,1,two-year,credit_card,0
32,73.76,4,one-year,bank_transfer,1
63,38.49,4,month-to-month,bank_transfer,0
51,62.82,2,one-year,bank_transfer,0
25,26.14,3,month-to-month,electronic_check,1
58,42.39,3,month-to-month,bank_transfer,1
63,56.33,1,month-to-month,credit_card,1
62,63.86,2,two-year,credit_card,1
22,117.75,0,two-year,bank_transfer,1
58,100.79,1,one-year,credit_card,0
58,93.74,0,month-to-month,credit_card,1
49,73.7,0,month-to-month,bank_transfer,0
52,104.0,2,two-year,credit_card,1
42,53.93,1,one-year,electronic_check,0
70,90.89,2,two-year,electronic_check,0
15,119.38,1,month-to-month,electronic_check,1
54,51.46,3,one-year,credit_card,0
60,87.4,3,two-year,electronic_check,0
8,104.43,2,month-to-month,electronic_check,1
53,111.58,1,month-to-month,electronic_check,1
60,91.79,1,month-to-month,electronic_check,1
5,48.36,0,two-year,bank_transfer,1
68,52.63,0,one-year,electronic_check,0
6,22.08,3,one-year,bank_transfer,0
47,96.09,3,month-to-month,electronic_check,1
55,24.27,3,one-year,electronic_check,0
40,106.47,0,one-year,credit_card,1
52,31.87,2,month-to-month,credit_card,0
16,37.19,1,two-year,bank_transfer,0
13,67.65,1,month-to-month,electronic_check,1
30,93.79,3,month-to-month,credit_card,1
19,33.9,2,month-to-month,bank_transfer,0
17,64.01,2,month-to-month,credit_card,1
63,68.29,1,one-year,bank_transfer,0
19,41.23,2,month-to-month,electronic_check,1
58,31.56,2,two-year,bank_transfer,0
55,103.64,0,month-to-month,bank_transfer,0
62,70.25,2,month-to-month,bank_transfer,1
23,21.44,1,one-year,electronic_check,0
9,100.3,0,one-year,credit_card,1
12,118.08,3,month-to-month,electronic_check,1
1,80.59,0,two-year,bank_transfer,1
58,70.37,1,one-year,electronic_check,0
1,107.84,1,month-to-month,bank_transfer,1
34,115.25,1,month-to-month,electronic_check,1
48,95.45,4,month-to-month,bank_transfer,1
1,64.55,1,two-year,electronic_check,1
16,79.22,1,month-to-month,bank_transfer,1
61,90.09,3,month-to-month,electronic_check,1
64,39.43,2,month-to-month,credit_card,0
63,64.72,0,month-to-month,credit_card,0
69,102.98,0,one-year,credit_card,0
22,85.47,3,one-year,credit_card,1
67,61.12,1,month-to-month,electronic_check,0
26,86.34,1,month-to-month,credit_card,1
16,31.82,0,month-to-month,electronic_check,0
51,60.15,2,one-year,bank_transfer,1
57,99.31,2,two-year,electronic_check,1
29,42.05,1,month-to-month,credit_card,0
69,38.6,3,month-to-month,bank_transfer,0
47,115.08,6,month-to-month,bank_transfer,1
62,40.99,1,two-year,credit_card,0
69,46.09,3,month-to-month,bank_transfer,0
16,116.96,0,month-to-month,bank_transfer,1
48,93.47,1,month-to-month,electronic_check,1
39,89.96,2,month-to-month,credit_card,1
33,105.29,0,one-year,credit_card,1
23,31.58,1,month-to-month,credit_card,1
10,90.6,2,month-to-month,electronic_check,1
69,70.37,1,one-year,electronic_check,1
34,102.92,1,month-to-month,electronic_check,1
52,70.81,1,one-year,electronic_check,1
10,82.02,0,month-to-month,electronic_check,1
19,67.77,0,one-year,bank_transfer,1
58,67.82,3,month-to-month,credit_card,1
1,96.8,0,two-year,credit_card,1
69,82.86,0,month-to-month,electronic_check,0
4,83.33,3,month-to-month,electronic_check,1
16,65.03,0,two-year,electronic_check,0
24,73.11,2,two-year,electronic_check,0
2,94.57,4,month-to-month,bank_transfer,1
32,102.59,1,two-year,electronic_check,1
24,89.66,1,month-to-month,credit_card,1
12,112.41,3,one-year,bank_transfer,1
50,102.03,0,month-to-month,bank_transfer,1
35,76.19,3,month-to-month,credit_card,1
33,87.14,2,month-to-month,credit_card,1
33,112.63,2,one-year,bank_transfer,1
61,81.92,0,month-to-month,credit_card,1
51,102.48,1,month-to-month,bank_transfer,1
43,88.88,4,two-year,credit_card,1
12,75.19,1,month-to-month,electronic_check,1
67,44.18,0,month-to-month,electronic_check,0
65,62.6,2,one-year,credit_card,0
33,116.77,1,month-to-month,electronic_check,1
40,85.78,1,month-to-month,bank_transfer,1
43,76.44,3,month-to-month,credit_card,0
44,113.3,0,month-to-month,electronic_check,1
29,78.65,4,two-year,bank_transfer,1
13,72.61,0,month-to-month,credit_card,0
12,95.93,2,month-to-month,credit_card,1
46,91.27,2,month-to-month,credit_card,1
2,39.32,0,month-to-month,credit_card,1
35,67.13,4,month-to-month,credit_card,1
8,67.25,0,one-year,credit_card,1
26,57.82,1,one-year,electronic_check,0
34,71.73,2,two-year,electronic_check,1
7,61.31,0,month-to-month,bank_transfer,1
68,39.93,1,month-to-month,electronic_check,0
58,61.24,1,two-year,electronic_check,0
29,27.23,1,month-to-month,credit_card,0
36,77.58,2,two-year,bank_transfer,0
21,105.37,1,two-year,credit_card,1
36,92.53,0,two-year,bank_transfer,0
10,56.04,0,month-to-month,bank_transfer,1
24,28.71,4,month-to-month,electronic_check,1
64,40.21,1,one-year,credit_card,0
49,74.55,1,one-year,electronic_check,1
36,40.71,1,month-to-month,bank_transfer,0
24,74.4,1,one-year,electronic_check,1
23,43.16,3,month-to-month,electronic_check,0
62,104.89,0,month-to-month,electronic_check,1
37,59.73,2,two-year,bank_transfer,0
12,44.56,2,month-to-month,credit_card,1
55,101.23,1,month-to-month,bank_transfer,1
13,54.28,3,month-to-month,bank_transfer,1
23,31.15,2,month-to-month,credit_card,0
30,77.04,1,month-to-month,credit_card,1
17,78.16,1,month-to-month,credit_card,1
62,91.47,1,month-to-month,bank_transfer,0
13,44.02,2,two-year,credit_card,0
59,64.38,3,two-year,bank_transfer,0
19,48.24,1,month-to-month,electronic_check,1
49,28.1,2,month-to-month,electronic_check,1
12,107.66,2,month-to-month,electronic_check,1
61,92.89,0,one-year,electronic_check,0
19,50.15,3,one-year,credit_card,1
9,79.94,0,two-year,credit_card,1
71,40.13,1,month-to-month,credit_card,0
28,109.02,1,one-year,bank_transfer,1
52,31.49,1,month-to-month,credit_card,0
16,20.38,2,two-year,electronic_check,0
69,70.2,1,one-year,bank_transfer,0
12,78.31,5,month-to-month,credit_card,1
25,77.9,0,one-year,credit_card,1
52,25.45,1,two-year,bank_transfer,0
53,51.4,1,month-to-month,bank_transfer,0
23,69.92,1,month-to-month,electronic_check,1
16,41.66,1,month-to-month,credit_card,1
57,107.26,2,month-to-month,credit_card,0
39,28.71,2,month-to-month,bank_transfer,1
53,68.74,1,two-year,electronic_check,0
42,89.14,1,one-year,electronic_check,0
58,46.18,4,one-year,bank_transfer,1
39,82.42,2,one-year,bank_transfer,0
14,102.94,1,two-year,electronic_check,1
5,39.03,1,two-year,credit_card,1
35,111.72,1,one-year,electronic_check,1
18,75.36,0,month-to-month,electronic_check,1
9,49.92,0,month-to-month,credit_card,1
58,63.09,3,month-to-month,bank_transfer,1
17,51.22,2,month-to-month,credit_card,1
7,92.51,1,month-to-month,electronic_check,1
46,99.63,1,one-year,electronic_check,0
13,103.29,1,one-year,electronic_check,1
40,118.58,3,month-to-month,electronic_check,1
42,99.13,0,two-year,credit_card,0
9,80.14,1,month-to-month,electronic_check,1
50,53.92,1,one-year,credit_card,0
27,74.46,0,one-year,credit_card,0
66,24.11,1,one-year,bank_transfer,0
5,94.48,0,month-to-month,credit_card,1
29,64.6,0,one-year,electronic_check,1
37,22.0,0,month-to-month,electronic_check,0
38,26.25,1,one-year,credit_card,0
8,58.75,2,month-to-month,electronic_check,1
65,78.34,1,one-year,credit_card,0
17,66.42,1,month-to-month,credit_card,1
71,81.92,1,one-year,credit_card,1
45,68.03,1,month-to-month,credit_card,0
4,86.17,2,two-year,bank_transfer,1
36,41.91,2,two-year,bank_transfer,0
70,31.28,0,month-to-month,electronic_check,0
31,79.64,3,month-to-month,credit_card,1
19,68.47,3,one-year,electronic_check,1
61,22.69,0,month-to-month,credit_card,1
54,58.05,1,month-to-month,credit_card,1
39,30.61,4,month-to-month,electronic_check,0
19,73.14,1,one-year,electronic_check,1
39,59.58,1,month-to-month,bank_transfer,1
67,81.32,1,month-to-month,credit_card,0
45,100.56,1,one-year,credit_card,1
13,49.97,1,month-to-month,bank_transfer,0
58,116.21,1,month-to-month,credit_card,1
20,73.56,2,two-year,electronic_check,1
61,81.83,1,one-year,bank_transfer,0
39,88.07,0,month-to-month,bank_transfer,1
1,86.67,1,month-to-month,electronic_check,1
3,71.1,0,one-year,bank_transfer,0
62,62.88,0,month-to-month,credit_card,0
63,25.38,3,two-year,credit_card,0
25,22.21,1,one-year,bank_transfer,1
56,55.8,0,two-year,credit_card,0
33,53.37,1,two-year,electronic_check,0
38,58.77,3,month-to-month,credit_card,1
6,33.84,2,one-year,electronic_check,1
58,93.82,1,two-year,bank_transfer,0
44,105.7,1,one-year,electronic_check,1
45,113.87,1,month-to-month,credit_card,1
32,69.24,1,month-to-month,electronic_check,1
45,90.09,2,month-to-month,electronic_check,1
61,105.56,3,one-year,bank_transfer,1
47,61.83,2,one-year,electronic_check,0
21,50.94,0,two-year,electronic_check,1
36,113.67,1,one-year,bank_transfer,1
19,71.57,0,two-year,electronic_check,1
20,69.73,2,month-to-month,electronic_check,0
57,37.84,3,month-to-month,electronic_check,1
18,30.82,0,two-year,electronic_check,0
47,104.21,0,one-year,bank_transfer,1
49,81.41,1,one-year,bank_transfer,0
14,52.58,2,month-to-month,bank_transfer,1
15,39.17,1,one-year,electronic_check,0
31,75.55,2,two-year,bank_transfer,1
1,78.39,3,month-to-month,bank_transfer,1
54,40.7,1,one-year,electronic_check,0
3,105.14,3,month-to-month,electronic_check,1
16,28.43,0,month-to-month,electronic_check,1
57,55.61,0,one-year,electronic_check,0
12,88.04,1,month-to-month,electronic_check,1
16,47.41,0,month-to-month,electronic_check,1
24,102.77,3,one-year,bank_transfer,1
28,93.99,2,one-year,bank_transfer,1
8,98.9,0,month-to-month,credit_card,1
36,31.91,2,two-year,bank_transfer,0
8,34.05,1,month-to-month,bank_transfer,1
58,48.65,0,two-year,electronic_check,0
60,71.81,4,one-year,electronic_check,0
50,94.8,1,month-to-month,bank_transfer,1
28,103.65,1,month-to-month,bank_transfer,1
41,90.43,0,month-to-month,credit_card,1
64,112.86,2,month-to-month,credit_card,1
27,93.87,1,one-year,electronic_check,1
63,50.63,0,month-to-month,electronic_check,0
17,46.51,3,month-to-month,bank_transfer,1
33,89.62,0,one-year,bank_transfer,1
29,39.29,3,month-to-month,electronic_check,1
13,29.27,4,one-year,bank_transfer,1
46,73.22,3,month-to-month,electronic_check,1
35,102.16,2,one-year,bank_transfer,1
6,30.14,0,one-year,electronic_check,0
69,99.19,3,one-year,bank_transfer,1
47,101.16,1,month-to-month,credit_card,1
25,68.23,0,month-to-month,credit_card,1
66,25.73,3,month-to-month,credit_card,0
10,37.46,1,month-to-month,bank_transfer,1
56,90.74,0,month-to-month,bank_transfer,1
30,91.18,4,one-year,bank_transfer,1
5,109.84,1,one-year,electronic_check,1
33,78.27,0,two-year,electronic_check,0
65,32.41,2,month-to-month,electronic_check,0
18,32.14,0,month-to-month,bank_transfer,1
49,92.11,2,two-year,bank_transfer,1
11,38.38,1,month-to-month,electronic_check,0
26,52.84,1,one-year,bank_transfer,1
63,68.72,0,two-year,bank_transfer,0
59,22.48,3,two-year,credit_card,0
27,44.88,0,month-to-month,bank_transfer,0
49,60.79,1,one-year,electronic_check,0
33,47.96,0,month-to-month,electronic_check,0
1,33.64,2,one-year,credit_card,0
21,92.8,1,two-year,electronic_check,1
55,101.31,1,month-to-month,bank_transfer,1
6,45.75,2,two-year,bank_transfer,0
69,97.44,3,one-year,credit_card,0
5,58.56,1,month-to-month,bank_transfer,1
3,70.67,5,one-year,bank_transfer,1
53,105.6,2,month-to-month,electronic_check,1
23,95.0,1,month-to-month,credit_card,1
53,100.51,0,two-year,bank_transfer,1
37,33.68,2,month-to-month,electronic_check,0
17,26.97,3,month-to-month,bank_transfer,0
1,109.34,4,two-year,electronic_check,1
51,58.78,1,two-year,electronic_check,0
45,48.79,1,two-year,bank_transfer,0
4,92.47,1,month-to-month,credit_card,1
62,103.64,0,month-to-month,bank_transfer,1
65,106.25,1,month-to-month,bank_transfer,1
32,51.6,3,month-to-month,bank_transfer,1
34,105.22,1,two-year,bank_transfer,1
39,24.09,1,one-year,electronic_check,1
26,24.97,3,month-to-month,electronic_check,0
34,82.35,1,month-to-month,electronic_check,1
54,26.31,1,two-year,electronic_check,0
3,52.46,1,two-year,credit_card,1
50,87.28,4,month-to-month,credit_card,1
12,53.73,4,one-year,electronic_check,1
65,37.96,0,month-to-month,bank_transfer,0
54,48.14,1,one-year,credit_card,1
5,65.76,3,one-year,electronic_check,1
57,67.54,1,one-year,bank_transfer,0
17,98.3,1,month-to-month,electronic_check,1
47,95.02,2,month-to-month,bank_transfer,1
23,65.68,1,month-to-month,credit_card,1
14,104.57,1,two-year,credit_card,1
66,31.42,1,two-year,bank_transfer,0
51,45.54,1,two-year,bank_transfer,0
38,102.8,2,two-year,bank_transfer,0
64,57.8,2,one-year,electronic_check,0
38,118.12,0,month-to-month,electronic_check,1
50,66.63,1,one-year,credit_card,1
30,99.19,0,month-to-month,electronic_check,1
51,60.23,1,month-to-month,electronic_check,0
63,62.5,1,month-to-month,bank_transfer,0
52,58.29,2,month-to-month,credit_card,1
38,91.91,0,one-year,bank_transfer,1
30,74.75,2,month-to-month,bank_transfer,1
51,114.38,2,month-to-month,bank_transfer,1
5,45.09,4,one-year,credit_card,1
29,30.06,2,one-year,bank_transfer,1
4,59.33,1,one-year,credit_card,1
10,81.67,0,month-to-month,bank_transfer,1
56,106.08,1,month-to-month,bank_transfer,0
17,54.62,1,one-year,credit_card,0
17,85.38,1,one-year,credit_card,1
69,55.02,0,month-to-month,electronic_check,0
34,81.72,1,two-year,electronic_check,0
6,108.48,1,month-to-month,credit_card,1
53,43.14,4,month-to-month,bank_transfer,1
66,60.42,2,month-to-month,bank_transfer,0
43,119.33,0,month-to-month,electronic_check,0
23,106.86,0,two-year,bank_transfer,1
55,76.46,2,month-to-month,credit_card,1
16,71.66,1,month-to-month,bank_transfer,1
8,48.46,1,month-to-month,electronic_check,0
4,71.72,4,month-to-month,electronic_check,1
4,104.82,0,month-to-month,credit_card,1
56,88.52,3,month-to-month,credit_card,1
25,49.0,0,month-to-month,credit_card,0
67,40.15,1,one-year,bank_transfer,0
67,46.52,0,one-year,bank_transfer,0
27,36.98,2,one-year,credit_card,0
32,29.56,2,one-year,credit_card,0
50,61.91,2,month-to-month,credit_card,1
61,31.33,3,two-year,electronic_check,1
51,37.19,4,month-to-month,bank_transfer,1
19,74.73,3,month-to-month,credit_card,1
21,36.46,4,one-year,electronic_check,1
5,26.39,5,one-year,bank_transfer,1
42,51.74,1,month-to-month,bank_transfer,0
61,42.03,2,month-to-month,bank_transfer,1
22,71.53,0,month-to-month,credit_card,1
21,30.24,0,two-year,electronic_check,0
70,95.18,0,month-to-month,credit_card,1
1,110.62,0,one-year,electronic_check,1
5,94.34,1,month-to-month,credit_card,1
12,73.28,0,month-to-month,electronic_check,1
46,106.07,0,month-to-month,credit_card,1
34,89.49,2,month-to-month,bank_transfer,1
49,21.06,2,month-to-month,electronic_check,0
45,59.41,1,one-year,bank_transfer,1
27,105.1,1,month-to-month,credit_card,1
26,54.59,1,one-year,electronic_check,0
47,23.52,2,month-to-month,electronic_check,1
56,94.62,1,two-year,bank_transfer,0
63,100.2,1,two-year,electronic_check,0
48,36.06,0,month-to-month,credit_card,0
61,73.73,2,two-year,electronic_check,0
26,39.2,0,month-to-month,bank_transfer,0
36,91.92,1,one-year,electronic_check,1
1,47.16,1,month-to-month,electronic_check,1
8,51.62,1,month-to-month,electronic_check,1
52,104.5,0,month-to-month,bank_transfer,0
47,67.63,1,month-to-month,bank_transfer,0
56,86.98,2,one-year,electronic_check,0
14,60.24,1,one-year,credit_card,1
28,49.8,4,month-to-month,bank_transfer,1
2,82.55,1,two-year,electronic_check,0
26,35.49,1,two-year,electronic_check,0
14,57.3,3,two-year,electronic_check,1
59,40.9,3,two-year,electronic_check,0
56,89.58,1,month-to-month,bank_transfer,1
7,114.42,1,month-to-month,credit_card,1
3,119.55,0,month-to-month,credit_card,1
23,65.03,2,two-year,credit_card,0
18,45.25,0,month-to-month,electronic_check,1
38,64.28,2,month-to-month,electronic_check,1
15,104.73,0,month-to-month,credit_card,0
64,40.6,0,month-to-month,bank_transfer,1
28,115.21,2,month-to-month,electronic_check,1
39,54.19,1,one-year,electronic_check,0
57,118.58,2,month-to-month,bank_transfer,1
17,103.86,2,one-year,bank_transfer,1
44,100.86,2,two-year,credit_card,1
25,51.79,3,one-year,electronic_check,1
17,20.88,1,month-to-month,electronic_check,0
13,58.21,2,two-year,bank_transfer,1
25,50.18,2,one-year,electronic_check,1
68,23.74,1,month-to-month,bank_transfer,0
10,70.54,2,one-year,bank_transfer,0
67,60.3,1,one-year,electronic_check,0
18,83.46,3,month-to-month,bank_transfer,1
34,82.12,2,month-to-month,electronic_check,0
8,32.07,2,one-year,bank_transfer,0
40,117.7,2,one-year,bank_transfer,1
42,38.69,1,month-to-month,electronic_check,1
41,64.53,0,one-year,bank_transfer,0
6,68.81,1,month-to-month,electronic_check,1
52,101.31,4,one-year,electronic_check,0
26,29.92,1,month-to-month,electronic_check,1
64,62.86,1,month-to-month,electronic_check,1
59,82.85,1,two-year,credit_card,0
56,41.52,0,one-year,electronic_check,0
59,82.75,0,month-to-month,bank_transfer,0
70,112.37,3,month-to-month,credit_card,0
33,119.75,0,one-year,electronic_check,1
53,23.25,1,two-year,electronic_check,0
22,43.56,1,one-year,electronic_check,0
21,51.03,2,month-to-month,electronic_check,1
70,59.91,1,two-year,electronic_check,0
70,44.23,2,one-year,credit_card,0
4,40.35,1,month-to-month,electronic_check,1
62,115.46,0,one-year,bank_transfer,1
62,111.85,0,month-to-month,electronic_check,1
24,24.7,2,one-year,electronic_check,1
55,53.88,3,month-to-month,electronic_check,1
9,60.51,2,month-to-month,electronic_check,1
3,43.9,0,month-to-month,electronic_check,1
31,82.89,0,month-to-month,bank_transfer,1
40,84.04,3,month-to-month,bank_transfer,1
36,105.05,3,one-year,electronic_check,1
24,94.09,1,month-to-month,credit_card,1
6,74.26,2,one-year,electronic_check,1
66,85.36,1,one-year,electronic_check,0
4,47.4,1,one-year,credit_card,0
6,79.31,2,month-to-month,credit_card,0
51,68.92,2,month-to-month,credit_card,0
62,33.33,4,month-to-month,electronic_check,1
57,44.25,3,two-year,credit_card,0
66,49.17,2,month-to-month,bank_transfer,1
8,112.43,1,one-year,bank_transfer,1
26,43.04,3,one-year,credit_card,1
51,48.92,0,month-to-month,credit_card,0
45,56.94,3,one-year,bank_transfer,1
44,86.37,1,month-to-month,credit_card,0
5,31.82,0,two-year,electronic_check,0
70,115.39,2,month-to-month,bank_transfer,1
26,106.56,1,month-to-month,electronic_check,1
68,77.72,0,month-to-month,credit_card,0
19,87.4,0,two-year,bank_transfer,0
20,21.67,1,two-year,credit_card,1
12,53.89,1,month-to-month,bank_transfer,1
47,99.57,1,month-to-month,credit_card,1
1,27.75,3,month-to-month,electronic_check,1
14,48.23,1,one-year,bank_transfer,0
64,78.53,0,month-to-month,credit_card,1
38,45.64,2,one-year,electronic_check,1
37,113.4,3,month-to-month,electronic_check,1
11,33.11,1,one-year,bank_transfer,0
3,99.74,3,month-to-month,electronic_check,1
33,70.79,1,one-year,electronic_check,1
6,95.03,3,one-year,electronic_check,1
50,51.07,1,month-to-month,electronic_check,0
10,71.45,4,one-year,credit_card,0
5,105.68,2,one-year,credit_card,1
23,66.69,2,month-to-month,credit_card,1
10,55.97,3,month-to-month,electronic_check,1
44,73.62,1,one-year,credit_card,1
2,91.74,1,two-year,bank_transfer,1
13,64.36,1,two-year,credit_card,1
40,113.89,3,one-year,bank_transfer,1
2,49.49,1,month-to-month,electronic_check,1
65,67.55,1,month-to-month,bank_transfer,0
63,95.69,4,month-to-month,bank_transfer,1
17,88.91,1,month-to-month,credit_card,1
9,106.36,0,month-to-month,credit_card,1
15,119.68,2,month-to-month,electronic_check,1
24,62.69,2,two-year,credit_card,1
38,31.12,3,two-year,bank_transfer,0
35,23.04,1,two-year,electronic_check,0
49,92.69,2,month-to-month,bank_transfer,1
69,107.4,1,two-year,electronic_check,0
62,42.07,1,month-to-month,electronic_check,1
60,35.84,1,month-to-month,electronic_check,0
50,26.22,1,one-year,electronic_check,0
9,102.27,2,month-to-month,electronic_check,1
34,51.14,2,two-year,credit_card,0
35,60.17,1,month-to-month,electronic_check,1
1,70.28,2,month-to-month,bank_transfer,1
40,103.95,3,month-to-month,bank_transfer,1
64,85.08,0,two-year,electronic_check,0
22,81.51,1,month-to-month,credit_card,1
60,37.57,0,one-year,bank_transfer,0
64,71.32,3,one-year,credit_card,0
11,91.54,5,one-year,bank_transfer,1
14,117.33,0,month-to-month,credit_card,1
60,40.14,2,month-to-month,credit_card,1
30,20.95,0,one-year,electronic_check,1
35,27.53,3,two-year,bank_transfer,0
37,57.59,2,two-year,bank_transfer,0
5,102.05,0,month-to-month,credit_card,1
26,20.71,3,month-to-month,electronic_check,0
62,65.67,0,month-to-month,bank_transfer,1
4,52.92,2,one-year,electronic_check,1
42,25.25,0,month-to-month,credit_card,0
18,65.02,4,one-year,bank_transfer,0
40,45.47,3,two-year,credit_card,1
39,55.19,1,month-to-month,credit_card,1
14,90.56,1,month-to-month,bank_transfer,1
32,72.16,1,two-year,bank_transfer,0
51,32.46,0,month-to-month,bank_transfer,0
38,116.14,0,month-to-month,bank_transfer,1
23,83.59,2,month-to-month,bank_transfer,1
63,96.59,2,month-to-month,electronic_check,1
15,27.92,2,one-year,electronic_check,1
25,24.71,0,month-to-month,credit_card,0
17,21.94,0,month-to-month,electronic_check,1
66,38.88,1,one-year,credit_card,0
53,61.44,1,month-to-month,electronic_check,1
51,113.58,0,month-to-month,bank_transfer,1
39,65.71,4,one-year,electronic_check,1
51,49.03,2,two-year,bank_transfer,0
70,76.19,1,month-to-month,electronic_check,1
6,31.19,1,month-to-month,bank_transfer,1
67,80.95,1,one-year,bank_transfer,0
7,76.84,0,one-year,credit_card,1
51,99.2,0,month-to-month,bank_transfer,1
42,118.67,0,month-to-month,credit_card,1
64,45.09,1,month-to-month,credit_card,0
15,70.97,0,one-year,electronic_check,1
29,110.89,4,month-to-month,electronic_check,1
33,98.52,0,two-year,electronic_check,1
27,68.74,1,one-year,electronic_check,1
36,114.54,2,one-year,bank_transfer,1
29,25.72,2,two-year,credit_card,0
38,113.1,2,month-to-month,bank_transfer,1
57,25.05,1,month-to-month,credit_card,0
27,74.73,4,month-to-month,electronic_check,1
55,109.04,3,month-to-month,electronic_check,1
33,46.27,0,month-to-month,credit_card,0
68,67.22,1,month-to-month,electronic_check,0
66,52.43,1,two-year,credit_card,0
10,115.21,1,one-year,electronic_check,1
5,102.36,4,two-year,credit_card,1
38,90.9,0,month-to-month,credit_card,1
13,78.76,4,one-year,bank_transfer,1
31,102.06,0,month-to-month,credit_card,1
47,59.23,2,month-to-month,electronic_check,0
52,64.76,1,one-year,electronic_check,1
56,93.0,1,month-to-month,electronic_check,1
15,55.78,3,one-year,electronic_check,0
29,26.39,1,month-to-month,bank_transfer,1
8,27.43,2,month-to-month,credit_card,0
5,31.54,0,month-to-month,electronic_check,1
29,106.97,0,two-year,credit_card,1
47,67.22,1,month-to-month,credit_card,1
68,91.29,4,one-year,credit_card,1
45,59.29,4,month-to-month,credit_card,0
2,45.87,1,month-to-month,credit_card,0
27,54.72,1,one-year,bank_transfer,0
36,99.42,1,month-to-month,bank_transfer,1
36,82.52,3,month-to-month,bank_transfer,1
26,113.76,0,month-to-month,electronic_check,1
43,87.97,0,two-year,electronic_check,1
27,77.02,2,month-to-month,bank_transfer,1
69,81.02,3,month-to-month,electronic_check,0
20,114.24,0,month-to-month,credit_card,1
11,98.82,1,month-to-month,bank_transfer,1
38,22.4,1,month-to-month,electronic_check,0
6,73.41,0,month-to-month,electronic_check,1
23,88.83,4,month-to-month,bank_transfer,1
47,94.87,0,month-to-month,electronic_check,1
46,41.31,0,two-year,electronic_check,0
12,106.72,1,month-to-month,credit_card,1
13,115.58,0,month-to-month,electronic_check,1
62,43.67,1,month-to-month,bank_transfer,0
60,108.26,1,month-to-month,electronic_check,1
43,29.7,1,one-year,credit_card,0
68,25.57,1,month-to-month,bank_transfer,0
5,32.92,2,month-to-month,bank_transfer,1
37,25.77,2,month-to-month,credit_card,1
31,104.5,0,month-to-month,bank_transfer,1
9,25.91,0,two-year,electronic_check,0
51,47.17,0,month-to-month,bank_transfer,0
29,30.38,0,month-to-month,electronic_check,0
40,49.54,4,month-to-month,bank_transfer,1
41,29.06,1,one-year,bank_transfer,0
11,86.8,2,month-to-month,credit_card,1
23,33.33,1,month-to-month,electronic_check,1
1,105.18,0,month-to-month,electronic_check,1
46,101.72,2,month-to-month,credit_card,1
21,21.37,1,month-to-month,credit_card,1
36,109.57,0,month-to-month,credit_card,1
54,22.89,2,one-year,bank_transfer,0
57,43.96,2,two-year,electronic_check,1
1,23.24,0,one-year,credit_card,0
63,53.58,1,month-to-month,electronic_check,0
54,71.39,2,one-year,electronic_check,0
55,99.66,0,one-year,electronic_check,1
40,53.8,1,two-year,bank_transfer,1
15,90.55,3,one-year,electronic_check,1
21,38.75,5,one-year,credit_card,1
47,95.06,2,month-to-month,electronic_check,1
53,43.6,0,month-to-month,electronic_check,0
9,34.35,1,month-to-month,bank_transfer,1
52,38.54,2,month-to-month,electronic_check,0
57,38.21,2,month-to-month,credit_card,0
26,71.29,3,month-to-month,credit_card,1
41,104.48,2,one-year,electronic_check,1
35,27.96,3,two-year,credit_card,0
63,90.7,4,month-to-month,bank_transfer,1
25,85.43,2,month-to-month,bank_transfer,1
38,107.25,0,two-year,credit_card,1
2,44.41,1,two-year,credit_card,1
7,65.01,0,month-to-month,electronic_check,1
34,112.58,0,month-to-month,electronic_check,1
17,86.0,1,month-to-month,bank_transfer,0
43,58.88,2,month-to-month,electronic_check,0
59,33.14,1,two-year,electronic_check,0
51,46.25,3,one-year,bank_transfer,0
54,78.12,3,month-to-month,credit_card,1
24,91.82,2,two-year,electronic_check,1
25,32.44,0,one-year,electronic_check,0
71,79.96,3,two-year,credit_card,0
52,75.04,1,two-year,electronic_check,1
70,71.4,3,month-to-month,credit_card,1
33,89.01,3,month-to-month,credit_card,1
49,103.74,2,month-to-month,credit_card,1
29,52.3,1,two-year,bank_transfer,1
63,108.9,2,two-year,electronic_check,1
22,36.06,0,one-year,electronic_check,1
26,37.3,3,month-to-month,credit_card,1
28,46.68,1,month-to-month,credit_card,0
49,31.95,1,one-year,electronic_check,0
71,43.03,1,one-year,electronic_check,0
49,30.64,5,month-to-month,credit_card,1
20,102.18,2,month-to-month,electronic_check,1
63,33.9,0,one-year,electronic_check,0
61,94.73,2,two-year,credit_card,0
49,24.79,1,month-to-month,electronic_check,1
71,114.85,1,month-to-month,electronic_check,1
1,91.12,4,one-year,bank_transfer,1
13,20.68,4,two-year,credit_card,0
51,96.39,1,month-to-month,electronic_check,1
56,71.41,3,month-to-month,bank_transfer,1
62,97.94,4,month-to-month,bank_transfer,1
32,72.25,3,month-to-month,bank_transfer,1
30,84.1,1,month-to-month,electronic_check,1
29,98.63,1,one-year,electronic_check,1
49,60.51,2,month-to-month,bank_transfer,1
45,20.27,0,one-year,credit_card,0
30,104.99,1,month-to-month,credit_card,1
16,58.09,1,month-to-month,credit_card,1
40,69.6,4,month-to-month,credit_card,1
19,20.78,1,month-to-month,electronic_check,0
18,69.21,1,month-to-month,credit_card,1
1,118.65,1,two-year,credit_card,1
47,47.83,1,month-to-month,bank_transfer,0
66,59.54,3,month-to-month,electronic_check,1
38,88.72,1,one-year,bank_transfer,1
51,101.48,4,two-year,bank_transfer,1
63,61.74,0,month-to-month,electronic_check,0
4,50.97,4,month-to-month,bank_transfer,1
1,113.78,0,one-year,credit_card,1
8,87.71,0,month-to-month,credit_card,1
29,31.9,0,one-year,electronic_check,0
55,26.89,1,month-to-month,electronic_check,0
3,68.35,2,two-year,bank_transfer,1
32,42.01,0,month-to-month,credit_card,1
10,45.4,0,two-year,bank_transfer,0
34,107.77,2,month-to-month,credit_card,1
55,28.96,3,two-year,electronic_check,0
32,91.54,3,month-to-month,bank_transfer,1
50,47.11,5,month-to-month,credit_card,0
7,96.03,0,month-to-month,bank_transfer,1
8,92.24,1,two-year,credit_card,1
65,20.74,1,month-to-month,bank_transfer,0
57,70.91,0,month-to-month,credit_card,0
67,33.93,1,month-to-month,electronic_check,0
59,106.62,0,two-year,electronic_check,0
54,107.16,1,month-to-month,electronic_check,1
67,61.83,0,month-to-month,bank_transfer,0
51,64.44,3,two-year,electronic_check,0
8,50.33,2,two-year,credit_card,0
34,91.66,0,month-to-month,credit_card,1
35,55.87,0,two-year,bank_transfer,0
32,46.78,4,month-to-month,electronic_check,1
46,63.22,2,month-to-month,credit_card,0
16,29.15,2,two-year,bank_transfer,0
68,94.66,2,one-year,credit_card,0
37,21.26,0,month-to-month,credit_card,0
54,84.45,3,month-to-month,credit_card,1
14,38.29,0,month-to-month,bank_transfer,0
55,43.24,2,one-year,credit_card,0
48,83.56,3,two-year,bank_transfer,1
7,119.29,0,month-to-month,bank_transfer,1
7,97.77,3,two-year,bank_transfer,1
33,42.58,0,month-to-month,bank_transfer,0
23,37.6,3,one-year,bank_transfer,0
19,106.62,4,month-to-month,credit_card,1
19,64.42,0,one-year,electronic_check,1
36,33.71,0,month-to-month,bank_transfer,0
29,106.22,3,two-year,credit_card,1
60,101.61,2,month-to-month,credit_card,1
2,118.39,2,month-to-month,electronic_check,1
1,110.97,2,two-year,credit_card,1
47,105.18,2,month-to-month,credit_card,1
69,25.26,2,month-to-month,bank_transfer,0
20,30.44,1,month-to-month,credit_card,0
11,76.9,2,two-year,bank_transfer,1
2,73.15,1,month-to-month,credit_card,1
67,65.8,1,month-to-month,bank_transfer,0
12,59.68,0,month-to-month,electronic_check,0
20,63.12,2,two-year,bank_transfer,1
5,76.93,0,month-to-month,bank_transfer,1
37,20.21,0,month-to-month,electronic_check,0
38,46.07,3,one-year,credit_card,1
9,71.83,4,month-to-month,electronic_check,1
53,92.22,0,month-to-month,bank_transfer,1
44,37.42,3,two-year,bank_transfer,0
24,74.69,1,month-to-month,credit_card,1
30,91.45,1,one-year,credit_card,1
59,64.46,0,two-year,credit_card,0
14,22.71,1,month-to-month,credit_card,0
9,64.93,0,month-to-month,bank_transfer,1
40,49.64,0,two-year,credit_card,1
66,112.96,0,one-year,electronic_check,1
25,32.46,0,month-to-month,credit_card,1
22,85.25,2,month-to-month,electronic_check,1
4,25.27,2,one-year,credit_card,0
26,64.62,1,month-to-month,electronic_check,1
58,75.4,3,month-to-month,electronic_check,1
29,49.8,2,two-year,electronic_check,0
37,65.51,2,month-to-month,electronic_check,0
70,36.36,0,two-year,bank_transfer,0
18,50.41,1,one-year,bank_transfer,0
42,82.11,0,month-to-month,credit_card,0
41,50.18,1,one-year,electronic_check,1
38,109.97,3,month-to-month,electronic_check,1
34,82.84,2,month-to-month,credit_card,1
17,63.86,2,month-to-month,electronic_check,1
37,23.88,1,one-year,credit_card,0
25,69.95,0,one-year,bank_transfer,0
27,96.48,0,two-year,bank_transfer,1
57,46.56,2,two-year,electronic_check,0
31,100.68,6,month-to-month,electronic_check,1
6,45.18,1,one-year,credit_card,1
40,102.37,2,month-to-month,bank_transfer,1
12,28.53,2,month-to-month,credit_card,0
53,106.62,1,month-to-month,bank_transfer,1
71,69.92,1,one-year,credit_card,0
10,49.65,1,month-to-month,credit_card,1
45,46.51,1,month-to-month,electronic_check,1
17,63.2,2,month-to-month,credit_card,1
26,119.9,1,month-to-month,electronic_check,1
62,42.03,1,two-year,bank_transfer,0
46,30.32,0,two-year,credit_card,0
64,78.5,2,one-year,bank_transfer,0
2,68.85,2,one-year,electronic_check,1
54,72.42,0,one-year,bank_transfer,0
65,86.69,1,one-year,credit_card,0
51,46.71,4,one-year,credit_card,0
53,111.07,1,month-to-month,credit_card,1
36,63.57,1,month-to-month,electronic_check,0
26,32.91,1,month-to-month,credit_card,0
29,94.23,3,month-to-month,credit_card,1
21,84.31,2,month-to-month,electronic_check,1
11,51.57,2,one-year,electronic_check,1
40,82.15,1,one-year,credit_card,1
11,41.99,0,month-to-month,credit_card,1
36,64.48,0,month-to-month,electronic_check,1
59,109.94,1,one-year,credit_card,0
39,33.35,1,month-to-month,bank_transfer,1
54,58.67,1,month-to-month,credit_card,1
55,102.11,3,two-year,bank_transfer,1
24,116.95,2,month-to-month,bank_transfer,1
22,65.39,4,two-year,electronic_check,1
69,70.7,1,two-year,credit_card,0
56,77.22,1,two-year,bank_transfer,1
33,113.23,7,month-to-month,credit_card,1
36,105.82,0,month-to-month,electronic_check,1
20,37.06,8,month-to-month,credit_card,1
62,63.68,3,month-to-month,bank_transfer,1
26,66.4,0,month-to-month,electronic_check,1
66,98.91,0,one-year,electronic_check,0
40,80.29,2,two-year,electronic_check,1
17,85.42,0,two-year,credit_card,1
1,119.82,1,month-to-month,bank_transfer,1
61,27.5,1,one-year,electronic_check,0
43,42.3,1,month-to-month,electronic_check,0
42,60.79,1,month-to-month,bank_transfer,1
25,54.78,1,two-year,electronic_check,0
39,22.16,0,month-to-month,bank_transfer,0
35,29.18,1,month-to-month,bank_transfer,0
3,88.1,0,two-year,bank_transfer,0
44,107.93,2,month-to-month,bank_transfer,1
51,71.42,1,two-year,electronic_check,0
12,73.92,1,month-to-month,electronic_check,1
19,45.51,1,two-year,credit_card,0
44,96.79,2,month-to-month,credit_card,1
59,95.18,1,month-to-month,bank_transfer,0
49,78.84,2,month-to-month,electronic_check,1
61,41.27,1,one-year,bank_transfer,0
17,29.7,2,two-year,credit_card,0
57,26.42,3,one-year,bank_transfer,0
55,79.27,1,two-year,credit_card,0
47,102.5,2,two-year,electronic_check,1
12,105.83,0,month-to-month,credit_card,1
62,66.36,3,one-year,bank_transfer,0
8,98.43,2,month-to-month,bank_transfer,1
21,114.69,0,month-to-month,bank_transfer,1
70,47.52,5,month-to-month,bank_transfer,0
25,59.8,3,month-to-month,credit_card,1
12,113.15,2,one-year,credit_card,1
15,53.82,2,month-to-month,electronic_check,1
59,111.39,2,one-year,bank_transfer,0
26,118.1,3,two-year,credit_card,1
26,86.18,1,month-to-month,electronic_check,1
47,101.69,1,one-year,bank_transfer,1
32,94.95,1,one-year,electronic_check,1
10,89.95,3,month-to-month,electronic_check,1
16,50.69,1,one-year,credit_card,0
71,25.71,4,month-to-month,bank_transfer,1
17,54.31,0,month-to-month,bank_transfer,0
23,86.69,1,month-to-month,electronic_check,0
26,30.25,4,month-to-month,electronic_check,1
7,21.19,1,month-to-month,credit_card,0
14,33.97,1,month-to-month,bank_transfer,1
7,91.57,2,month-to-month,electronic_check,1
9,117.28,0,two-year,credit_card,1
48,118.31,0,two-year,bank_transfer,0
59,69.4,0,month-to-month,bank_transfer,0
39,106.94,0,month-to-month,bank_transfer,0
18,93.68,3,month-to-month,electronic_check,1
59,70.1,0,two-year,bank_transfer,0
17,77.28,5,month-to-month,bank_transfer,1
14,33.72,1,month-to-month,electronic_check,1
31,113.77,0,month-to-month,credit_card,1
24,55.19,0,one-year,electronic_check,0
60,64.61,2,month-to-month,credit_card,1
45,87.17,3,month-to-month,electronic_check,0
3,53.39,2,one-year,credit_card,0
37,45.43,2,one-year,credit_card,0
43,83.1,1,one-year,electronic_check,1
40,22.5,1,month-to-month,credit_card,0
55,92.07,4,one-year,bank_transfer,1
39,71.4,2,month-to-month,credit_card,1
15,80.58,5,month-to-month,credit_card,1
4,83.19,1,month-to-month,electronic_check,1
25,72.71,1,month-to-month,electronic_check,1
13,78.25,1,month-to-month,electronic_check,1
33,88.38,5,month-to-month,bank_transfer,1
16,95.31,1,month-to-month,electronic_check,1
42,92.75,2,month-to-month,bank_transfer,1
66,106.96,0,one-year,electronic_check,0
55,38.94,1,month-to-month,bank_transfer,0
42,60.11,2,two-year,electronic_check,0
34,114.78,1,month-to-month,electronic_check,1
30,59.66,0,month-to-month,electronic_check,1
13,32.49,2,month-to-month,credit_card,1
13,72.54,0,one-year,credit_card,0
18,30.95,1,one-year,electronic_check,0
32,40.29,1,two-year,credit_card,1
39,119.83,0,month-to-month,credit_card,1
46,74.14,0,month-to-month,credit_card,0
29,48.41,4,one-year,bank_transfer,1
62,119.48,2,one-year,electronic_check,1
62,116.66,2,two-year,electronic_check,1
57,64.07,3,month-to-month,electronic_check,1
16,46.04,0,one-year,bank_transfer,0
56,103.84,1,month-to-month,bank_transfer,1
10,91.56,1,month-to-month,bank_transfer,1
30,88.69,2,month-to-month,electronic_check,1
25,109.31,1,one-year,electronic_check,1
5,88.94,1,one-year,credit_card,1
65,48.38,1,month-to-month,credit_card,0
49,89.39,2,month-to-month,credit_card,1
3,50.58,1,month-to-month,electronic_check,1
45,95.92,2,month-to-month,credit_card,1
14,81.97,2,month-to-month,electronic_check,1
30,27.74,0,month-to-month,credit_card,0
68,71.28,7,one-year,electronic_check,1
18,54.33,1,month-to-month,bank_transfer,1
62,52.86,2,month-to-month,credit_card,0
37,80.23,0,two-year,credit_card,0
25,52.23,0,month-to-month,credit_card,0
48,97.69,3,one-year,credit_card,0
65,27.08,1,month-to-month,bank_transfer,1
53,86.04,2,two-year,bank_transfer,1
15,100.92,1,month-to-month,electronic_check,1
49,87.28,1,one-year,electronic_check,0
68,69.72,3,month-to-month,credit_card,0
12,115.03,1,two-year,credit_card,1
59,49.99,1,month-to-month,electronic_check,0
37,21.92,2,month-to-month,electronic_check,1
61,63.2,3,month-to-month,electronic_check,1
43,23.3,1,two-year,credit_card,1
70,115.39,3,one-year,electronic_check,0
39,40.99,1,month-to-month,electronic_check,1
56,98.89,0,month-to-month,electronic_check,0
63,97.46,1,month-to-month,electronic_check,1
46,41.77,1,month-to-month,credit_card,1
11,82.12,3,month-to-month,credit_card,1
62,24.81,3,two-year,electronic_check,0
25,68.36,2,one-year,electronic_check,1
71,21.46,4,two-year,credit_card,0
52,112.11,2,month-to-month,credit_card,1
4,117.61,2,one-year,electronic_check,1
59,42.23,0,month-to-month,electronic_check,1
20,40.81,2,month-to-month,credit_card,1
63,95.37,4,month-to-month,bank_transfer,1
54,45.34,2,month-to-month,credit_card,0
57,109.51,1,two-year,electronic_check,1
41,77.39,2,month-to-month,bank_transfer,1
3,55.08,0,two-year,bank_transfer,1
6,103.27,2,one-year,credit_card,1
5,69.34,2,month-to-month,credit_card,1
5,111.16,2,month-to-month,electronic_check,1
54,112.8,4,month-to-month,bank_transfer,1
47,36.54,1,month-to-month,electronic_check,0
49,20.23,2,one-year,credit_card,0
9,118.39,1,two-year,credit_card,1
20,110.61,0,month-to-month,credit_card,1
61,25.54,1,two-year,electronic_check,0
35,103.3,1,month-to-month,electronic_check,1
50,65.78,0,month-to-month,electronic_check,1
62,45.9,0,month-to-month,electronic_check,0
17,107.87,3,month-to-month,electronic_check,1
3,39.67,3,month-to-month,credit_card,1
32,114.73,1,month-to-month,bank_transfer,1
13,40.56,1,month-to-month,bank_transfer,1
68,81.37,2,month-to-month,credit_card,0
14,42.31,3,month-to-month,credit_card,1
11,74.57,2,month-to-month,bank_transfer,1
56,88.4,0,month-to-month,electronic_check,0
67,39.02,1,one-year,electronic_check,0
29,72.09,3,two-year,bank_transfer,0
9,66.91,0,month-to-month,credit_card,0
67,27.1,0,month-to-month,credit_card,0
25,101.83,4,one-year,bank_transfer,1
42,53.57,4,month-to-month,credit_card,1
9,77.46,2,one-year,credit_card,1
40,71.48,0,month-to-month,credit_card,0
25,71.33,2,month-to-month,credit_card,1
5,30.72,1,month-to-month,electronic_check,0
11,62.35,1,month-to-month,electronic_check,1
59,65.24,0,one-year,bank_transfer,0
38,93.36,0,month-to-month,bank_transfer,1
5,104.0,0,two-year,bank_transfer,1
48,74.5,2,month-to-month,electronic_check,1
18,28.68,2,two-year,credit_card,1
70,43.68,0,month-to-month,electronic_check,0
37,36.49,0,month-to-month,credit_card,1
60,32.46,1,one-year,bank_transfer,0
48,56.59,0,month-to-month,electronic_check,0
28,42.94,1,two-year,electronic_check,0
69,41.83,1,month-to-month,electronic_check,0
40,25.47,0,one-year,electronic_check,0
45,21.77,0,month-to-month,credit_card,0
62,30.28,5,one-year,electronic_check,0
58,37.22,3,one-year,credit_card,0
67,63.1,2,one-year,electronic_check,0
56,71.05,1,month-to-month,electronic_check,1
40,34.06,1,two-year,credit_card,0
40,62.48,2,two-year,bank_transfer,0
33,54.17,3,two-year,bank_transfer,1
6,38.34,1,one-year,electronic_check,1
19,20.68,0,month-to-month,electronic_check,1
40,66.7,0,month-to-month,electronic_check,1
59,88.57,2,two-year,bank_transfer,0
59,42.63,2,two-year,electronic_check,0
48,33.18,1,month-to-month,bank_transfer,1
41,108.7,1,month-to-month,credit_card,1
13,47.5,3,two-year,electronic_check,1
45,42.36,1,month-to-month,credit_card,0
53,105.71,1,month-to-month,electronic_check,1
42,101.71,1,two-year,credit_card,1
63,64.83,1,two-year,credit_card,0
27,68.92,0,two-year,electronic_check,1
38,41.77,3,month-to-month,credit_card,1
60,27.83,2,month-to-month,bank_transfer,0
7,77.34,2,one-year,electronic_check,1
5,29.83,2,month-to-month,bank_transfer,1
45,64.93,1,month-to-month,credit_card,0
58,114.05,2,two-year,credit_card,1
31,115.28,0,two-year,electronic_check,1
23,43.93,0,month-to-month,bank_transfer,0
42,82.41,2,month-to-month,electronic_check,1
10,67.41,0,month-to-month,bank_transfer,1
32,107.57,1,month-to-month,bank_transfer,1
53,47.14,1,month-to-month,electronic_check,0
30,20.37,6,month-to-month,bank_transfer,0
39,36.26,0,month-to-month,credit_card,0
31,54.95,0,two-year,bank_transfer,0
2,51.57,2,month-to-month,credit_card,0
12,99.14,2,one-year,electronic_check,1
39,88.06,1,one-year,credit_card,0
66,49.96,0,one-year,electronic_check,0
13,65.77,5,two-year,bank_transfer,1
46,29.56,3,one-year,credit_card,0
27,109.81,1,two-year,credit_card,1
17,113.54,2,month-to-month,electronic_check,1
60,117.98,2,one-year,bank_transfer,1
64,106.86,0,month-to-month,bank_transfer,0
35,37.4,4,two-year,electronic_check,1
70,24.62,0,month-to-month,bank_transfer,0
30,77.96,0,month-to-month,electronic_check,1
71,111.26,2,one-year,electronic_check,1
63,37.74,0,month-to-month,electronic_check,1
28,20.7,0,one-year,electronic_check,1
60,100.55,1,two-year,credit_card,0
37,27.68,0,two-year,bank_transfer,0
22,61.37,2,month-to-month,bank_transfer,1
68,87.89,2,month-to-month,electronic_check,0
20,43.68,1,one-year,electronic_check,0
68,28.4,2,one-year,bank_transfer,0
64,97.0,1,one-year,electronic_check,1
17,83.02,1,one-year,credit_card,1
12,118.85,1,one-year,credit_card,1
22,54.43,3,month-to-month,credit_card,1
17,26.18,2,one-year,bank_transfer,1
10,93.44,2,month-to-month,bank_transfer,1
65,72.17,0,month-to-month,credit_card,0
22,41.32,1,one-year,bank_transfer,0
50,98.17,1,month-to-month,bank_transfer,1
14,40.38,2,one-year,bank_transfer,1
64,46.07,2,month-to-month,credit_card,0
47,29.25,3,month-to-month,bank_transfer,0
29,59.94,0,month-to-month,bank_transfer,0
36,61.89,2,one-year,credit_card,1
52,71.46,1,month-to-month,credit_card,1
7,90.9,2,one-year,bank_transfer,1
29,110.61,0,one-year,credit_card,1
11,33.77,3,month-to-month,electronic_check,1
33,25.43,1,two-year,credit_card,0
6,21.85,4,two-year,electronic_check,1
32,34.36,2,two-year,bank_transfer,0
51,85.79,2,one-year,credit_card,1
58,92.75,1,month-to-month,bank_transfer,0
26,98.65,1,month-to-month,electronic_check,1
46,44.37,0,one-year,electronic_check,1
29,50.59,5,month-to-month,credit_card,1
4,68.31,3,one-year,electronic_check,1
13,26.32,2,month-to-month,electronic_check,1
39,81.11,1,month-to-month,bank_transfer,1
15,118.37,4,one-year,bank_transfer,1
29,56.08,1,month-to-month,credit_card,1
29,95.28,4,month-to-month,credit_card,1
32,70.0,1,two-year,credit_card,1
2,32.78,1,month-to-month,credit_card,0
47,78.22,0,month-to-month,credit_card,0
22,49.99,2,month-to-month,electronic_check,1
27,23.44,1,month-to-month,bank_transfer,1
67,83.49,2,month-to-month,bank_transfer,1
56,105.89,1,one-year,bank_transfer,0
21,54.48,0,two-year,electronic_check,0
47,59.03,1,two-year,bank_transfer,0
59,109.1,3,month-to-month,credit_card,1
6,101.36,2,one-year,bank_transfer,1
19,91.5,1,two-year,bank_transfer,1
57,44.88,2,month-to-month,bank_transfer,0
69,111.02,2,month-to-month,electronic_check,1
3,35.44,5,two-year,bank_transfer,1
1,82.68,2,one-year,electronic_check,1
58,22.88,0,month-to-month,bank_transfer,0
38,84.37,1,month-to-month,credit_card,1
15,47.71,3,month-to-month,credit_card,1
34,64.97,1,month-to-month,electronic_check,1
61,54.53,1,month-to-month,electronic_check,1
35,37.28,4,month-to-month,credit_card,1
64,82.2,0,one-year,electronic_check,1
25,108.2,0,one-year,electronic_check,1
24,115.91,3,one-year,bank_transfer,1
12,39.23,1,one-year,credit_card,0
18,91.74,0,month-to-month,credit_card,1
15,86.43,1,month-to-month,credit_card,1
27,54.34,0,month-to-month,electronic_check,0
60,21.91,0,month-to-month,electronic_check,0
46,88.98,2,two-year,bank_transfer,0
17,114.55,2,one-year,credit_card,1
53,83.21,0,month-to-month,electronic_check,1
8,63.53,1,month-to-month,bank_transfer,1
27,72.52,5,month-to-month,bank_transfer,1
46,39.96,1,month-to-month,credit_card,0
50,95.05,2,month-to-month,electronic_check,1
71,94.64,1,month-to-month,credit_card,0
3,34.55,2,month-to-month,bank_transfer,1
64,107.8,0,month-to-month,electronic_check,1
44,46.92,2,one-year,electronic_check,0
53,118.23,2,one-year,electronic_check,0
24,58.29,2,two-year,bank_transfer,1
60,37.79,1,month-to-month,credit_card,0
3,55.17,2,two-year,electronic_check,0
20,64.02,0,one-year,bank_transfer,0
46,26.93,3,month-to-month,credit_card,0
15,77.82,2,month-to-month,electronic_check,1
25,79.76,1,month-to-month,bank_transfer,1
71,93.89,4,month-to-month,electronic_check,1
17,22.92,2,month-to-month,electronic_check,1
9,74.12,3,two-year,bank_transfer,1
38,25.29,1,month-to-month,electronic_check,0
48,90.11,3,month-to-month,bank_transfer,0
60,25.57,1,month-to-month,credit_card,0
63,111.17,2,month-to-month,electronic_check,1
2,90.21,1,two-year,electronic_check,1
11,70.74,1,two-year,credit_card,1
64,64.15,1,month-to-month,electronic_check,1
21,33.07,2,month-to-month,electronic_check,1
18,49.1,2,two-year,bank_transfer,0
64,106.9,2,month-to-month,credit_card,1
38,110.45,1,one-year,electronic_check,1
32,20.07,1,two-year,credit_card,0
11,79.41,1,one-year,credit_card,0
45,91.93,2,month-to-month,bank_transfer,1
33,81.87,0,two-year,credit_card,1
41,28.17,2,two-year,electronic_check,0
8,41.77,1,one-year,electronic_check,1
11,45.03,1,month-to-month,electronic_check,1
51,103.17,0,two-year,electronic_check,1
41,66.32,2,two-year,credit_card,0
17,68.68,1,two-year,bank_transfer,0
46,113.49,1,month-to-month,bank_transfer,1
32,83.71,1,one-year,credit_card,0
54,109.87,2,one-year,credit_card,1
20,65.65,2,month-to-month,credit_card,1
33,34.94,1,month-to-month,credit_card,0
40,112.99,1,one-year,electronic_check,1
32,65.87,3,two-year,electronic_check,1
2,38.16,1,two-year,electronic_check,1
33,50.24,2,month-to-month,electronic_check,1
30,25.08,2,month-to-month,electronic_check,0
33,66.83,1,month-to-month,credit_card,1
26,105.31,1,two-year,credit_card,1
22,113.36,1,month-to-month,bank_transfer,1
66,113.26,1,one-year,credit_card,1
38,32.52,3,one-year,bank_transfer,0
46,58.21,1,two-year,electronic_check,0
15,22.82,2,month-to-month,credit_card,1
44,105.52,0,one-year,electronic_check,1
49,55.88,1,two-year,credit_card,0
61,83.11,2,one-year,electronic_check,1
67,91.49,0,month-to-month,credit_card,0
6,62.98,3,month-to-month,bank_transfer,1
9,50.64,3,two-year,bank_transfer,1
6,116.22,0,month-to-month,electronic_check,1
32,116.45,4,one-year,bank_transfer,1
41,48.94,1,one-year,bank_transfer,0
8,67.96,1,two-year,electronic_check,1
50,117.28,2,month-to-month,credit_card,1
62,20.49,1,one-year,credit_card,0
62,61.27,1,month-to-month,bank_transfer,0
7,30.05,3,month-to-month,electronic_check,1
4,70.92,0,month-to-month,credit_card,1
6,22.47,3,two-year,electronic_check,1
58,60.69,1,two-year,electronic_check,0
22,42.07,0,month-to-month,electronic_check,0
26,73.33,0,month-to-month,electronic_check,0
3,119.6,2,one-year,bank_transfer,1
41,100.05,2,one-year,electronic_check,1
60,104.56,1,one-year,bank_transfer,0
14,83.53,3,two-year,bank_transfer,1
12,24.16,0,two-year,bank_transfer,1
12,40.68,2,month-to-month,electronic_check,1
13,112.51,3,month-to-month,credit_card,1
25,56.61,2,one-year,credit_card,1
45,30.36,1,two-year,electronic_check,0
19,90.24,1,month-to-month,bank_transfer,1
55,49.95,3,one-year,electronic_check,0
45,46.89,1,month-to-month,electronic_check,0
8,119.8,2,two-year,credit_card,1
53,105.81,1,one-year,electronic_check,0
55,60.79,1,month-to-month,bank_transfer,1
32,118.03,2,month-to-month,electronic_check,1
51,85.01,2,month-to-month,credit_card,1
44,94.2,0,two-year,electronic_check,0
70,23.15,1,one-year,electronic_check,0
18,32.16,1,one-year,bank_transfer,0
22,83.31,0,month-to-month,bank_transfer,1
37,109.9,2,month-to-month,bank_transfer,1
56,82.37,0,month-to-month,bank_transfer,1
59,33.4,2,month-to-month,electronic_check,1
3,31.58,1,month-to-month,bank_transfer,1
28,104.42,0,month-to-month,bank_transfer,1
35,33.93,3,month-to-month,bank_transfer,1
61,72.02,0,one-year,electronic_check,0
54,23.71,1,two-year,credit_card,0
63,28.07,1,month-to-month,credit_card,0
7,87.23,1,one-year,credit_card,1
49,88.92,2,month-to-month,electronic_check,1
31,54.15,0,month-to-month,bank_transfer,0
58,41.56,1,two-year,bank_transfer,0
61,101.37,2,month-to-month,electronic_check,1
24,41.71,3,month-to-month,bank_transfer,1
20,74.2,0,month-to-month,bank_transfer,0
37,116.82,1,month-to-month,electronic_check,0
4,34.79,1,one-year,electronic_check,0
20,114.09,1,month-to-month,electronic_check,1
60,38.29,1,month-to-month,electronic_check,1
24,76.74,2,two-year,electronic_check,0
50,57.7,3,month-to-month,electronic_check,1
49,116.49,1,month-to-month,electronic_check,1
51,47.35,0,two-year,credit_card,0
36,59.97,1,month-to-month,credit_card,1
66,118.29,0,two-year,bank_transfer,1
34,73.65,1,two-year,credit_card,1
36,70.26,1,month-to-month,electronic_check,1
6,45.78,3,month-to-month,bank_transfer,1
39,90.14,1,month-to-month,electronic_check,1
42,21.44,3,two-year,credit_card,0
58,24.95,0,month-to-month,electronic_check,0
12,79.94,1,one-year,electronic_check,1
3,54.17,1,two-year,electronic_check,0
18,115.33,3,two-year,credit_card,1
40,110.32,0,two-year,electronic_check,1
21,91.37,2,one-year,electronic_check,1
15,101.81,3,two-year,electronic_check,1
26,86.73,3,month-to-month,credit_card,1
8,32.56,1,one-year,bank_transfer,1
42,96.55,3,one-year,bank_transfer,1
44,41.02,1,month-to-month,bank_transfer,1
14,52.34,0,month-to-month,bank_transfer,1
2,101.92,1,one-year,electronic_check,1
37,73.65,0,month-to-month,electronic_check,1
69,105.99,2,month-to-month,credit_card,1
38,41.3,1,month-to-month,bank_transfer,0
41,80.78,1,two-year,credit_card,1
62,28.38,2,month-to-month,credit_card,0
60,84.31,1,two-year,bank_transfer,0
14,96.25,2,month-to-month,bank_transfer,1
2,78.49,1,month-to-month,credit_card,1
70,46.62,3,month-to-month,electronic_check,1
17,23.13,1,one-year,electronic_check,0
28,31.94,0,two-year,bank_transfer,0
66,82.23,4,one-year,electronic_check,1
35,113.44,1,one-year,electronic_check,1
5,40.65,0,month-to-month,credit_card,0
65,93.5,4,one-year,credit_card,0
40,106.65,0,month-to-month,bank_transfer,1
56,72.09,2,month-to-month,bank_transfer,1
36,86.93,2,two-year,electronic_check,0
45,101.5,0,two-year,bank_transfer,0
23,46.07,1,month-to-month,bank_transfer,0
47,49.69,2,two-year,credit_card,1
31,20.06,1,one-year,credit_card,0
11,116.31,1,month-to-month,electronic_check,1
10,111.75,3,month-to-month,electronic_check,1
67,96.46,2,two-year,bank_transfer,1
14,27.91,3,one-year,bank_transfer,0
10,64.75,1,month-to-month,electronic_check,0
1,30.19,3,one-year,credit_card,1
5,21.59,1,one-year,credit_card,0
20,81.62,1,month-to-month,credit_card,0
8,116.08,5,one-year,credit_card,1
43,110.29,2,month-to-month,credit_card,1
1,89.68,3,one-year,credit_card,1
57,29.66,2,two-year,bank_transfer,0
64,47.42,2,two-year,electronic_check,0
28,52.01,4,one-year,electronic_check,1
37,96.32,4,two-year,electronic_check,1
47,100.22,0,two-year,bank_transfer,1
37,58.51,3,month-to-month,credit_card,0
49,61.79,1,two-year,bank_transfer,0
44,24.45,1,month-to-month,electronic_check,0
56,48.91,2,month-to-month,electronic_check,1
28,65.13,0,one-year,electronic_check,1
6,31.7,0,month-to-month,electronic_check,1
61,65.33,2,month-to-month,electronic_check,1
20,105.32,2,one-year,electronic_check,1
2,78.13,0,month-to-month,electronic_check,1
37,27.89,1,two-year,bank_transfer,0
20,39.17,2,month-to-month,electronic_check,1
26,67.45,1,two-year,bank_transfer,0
29,56.15,1,month-to-month,bank_transfer,1
1,55.87,3,one-year,electronic_check,1
35,72.93,2,month-to-month,bank_transfer,1
70,78.44,1,one-year,electronic_check,1
59,99.69,1,month-to-month,electronic_check,1
69,54.1,2,month-to-month,credit_card,1
33,100.55,1,month-to-month,bank_transfer,1
51,53.86,0,one-year,bank_transfer,0
12,25.54,0,two-year,credit_card,1
20,75.42,2,month-to-month,credit_card,1
53,78.79,0,one-year,electronic_check,1
43,113.45,1,one-year,credit_card,1
50,92.61,1,month-to-month,credit_card,1
29,111.78,2,month-to-month,electronic_check,1
57,110.83,1,month-to-month,credit_card,0
39,80.46,0,month-to-month,electronic_check,1
56,72.78,2,month-to-month,bank_transfer,0
43,75.74,1,month-to-month,bank_transfer,1
50,117.83,3,month-to-month,electronic_check,1
23,97.32,0,two-year,credit_card,1
44,30.63,1,two-year,credit_card,0
38,97.84,2,one-year,credit_card,1
23,37.05,3,one-year,electronic_check,0
45,64.74,4,month-to-month,electronic_check,1
52,41.05,1,month-to-month,credit_card,1
50,88.96,0,month-to-month,electronic_check,1
8,107.73,3,one-year,bank_transfer,1
1,49.04,1,two-year,credit_card,1
8,28.2,0,month-to-month,electronic_check,0
29,49.85,1,month-to-month,electronic_check,0
5,87.24,0,one-year,bank_transfer,0
47,52.88,0,two-year,electronic_check,0
34,47.81,1,month-to-month,bank_transfer,1
65,38.44,3,month-to-month,electronic_check,0
55,69.75,5,two-year,electronic_check,1
43,47.59,1,month-to-month,credit_card,1
30,93.1,2,one-year,bank_transfer,1
17,27.66,0,two-year,bank_transfer,0
26,86.4,2,two-year,electronic_check,1
8,43.76,2,month-to-month,bank_transfer,0
47,68.93,1,month-to-month,credit_card,0
46,48.61,1,month-to-month,bank_transfer,0
68,92.28,4,one-year,bank_transfer,1
33,114.53,3,one-year,electronic_check,1
1,111.71,3,two-year,bank_transfer,1
19,78.34,0,month-to-month,credit_card,1
31,66.26,2,one-year,credit_card,1
14,101.83,2,month-to-month,bank_transfer,1
53,88.33,1,month-to-month,credit_card,1
48,38.36,2,month-to-month,electronic_check,0
69,102.09,2,month-to-month,bank_transfer,0
62,62.89,2,two-year,electronic_check,1
66,38.9,3,month-to-month,bank_transfer,0
64,48.18,4,month-to-month,electronic_check,0
70,46.75,3,month-to-month,credit_card,0
63,71.92,1,month-to-month,credit_card,0
33,43.44,0,month-to-month,electronic_check,1
41,32.36,3,two-year,bank_transfer,1
48,32.37,0,two-year,credit_card,0
13,78.33,0,month-to-month,electronic_check,1
31,93.48,2,one-year,electronic_check,1
68,52.15,0,month-to-month,electronic_check,0
4,23.47,2,month-to-month,electronic_check,1
19,32.72,1,one-year,bank_transfer,0
70,111.47,3,month-to-month,bank_transfer,1
13,69.35,2,month-to-month,bank_transfer,1
23,65.36,6,month-to-month,bank_transfer,1
1,23.8,1,month-to-month,credit_card,1
54,92.86,0,month-to-month,credit_card,0
71,72.81,5,month-to-month,bank_transfer,1
15,40.21,0,month-to-month,electronic_check,0
65,31.01,2,one-year,electronic_check,0
71,58.34,0,month-to-month,electronic_check,0
15,103.72,4,month-to-month,credit_card,1
21,106.53,1,month-to-month,electronic_check,1
19,80.28,1,two-year,electronic_check,1
60,92.75,2,month-to-month,credit_card,1
33,31.52,0,two-year,bank_transfer,0
49,78.81,1,month-to-month,credit_card,1
35,86.7,3,two-year,credit_card,1
44,40.07,2,month-to-month,electronic_check,0
11,108.02,2,month-to-month,credit_card,0
66,39.5,1,month-to-month,electronic_check,0
46,51.35,1,one-year,credit_card,0
9,82.06,0,one-year,bank_transfer,1
3,83.84,0,month-to-month,credit_card,1
26,89.94,0,month-to-month,credit_card,1
48,31.2,2,one-year,bank_transfer,0
66,104.95,0,two-year,bank_transfer,0
70,73.28,7,two-year,credit_card,1
28,67.13,1,one-year,credit_card,1
26,118.11,3,month-to-month,bank_transfer,1
25,94.04,1,month-to-month,bank_transfer,0
12,31.8,1,two-year,electronic_check,1
5,95.65,0,two-year,credit_card,1
48,29.52,2,two-year,bank_transfer,0
37,22.75,1,one-year,credit_card,0
44,60.36,3,two-year,bank_transfer,0
15,119.36,2,two-year,electronic_check,1
43,37.49,1,one-year,electronic_check,0
48,87.26,2,one-year,electronic_check,0
70,37.34,1,month-to-month,bank_transfer,0
46,92.48,4,one-year,electronic_check,1
43,70.54,2,two-year,bank_transfer,0
21,88.0,1,month-to-month,electronic_check,1
23,40.29,0,one-year,electronic_check,0
47,94.56,2,month-to-month,electronic_check,1
15,119.56,0,two-year,electronic_check,1
25,86.57,2,one-year,electronic_check,1
36,69.35,1,two-year,credit_card,1
51,112.32,0,one-year,electronic_check,0
15,21.59,2,month-to-month,electronic_check,0
68,92.99,2,month-to-month,credit_card,1
21,108.87,0,one-year,electronic_check,1
13,26.17,0,month-to-month,credit_card,1
19,65.01,1,one-year,credit_card,1
34,40.47,1,month-to-month,bank_transfer,0
68,76.65,3,two-year,bank_transfer,0
52,84.95,2,month-to-month,electronic_check,1
27,50.26,2,two-year,bank_transfer,1
29,66.0,1,one-year,bank_transfer,0
28,47.93,2,month-to-month,electronic_check,1
35,56.94,0,one-year,electronic_check,1
8,35.95,1,two-year,credit_card,0
16,108.56,0,one-year,electronic_check,1
36,21.0,4,month-to-month,credit_card,1
30,108.24,1,two-year,bank_transfer,0
18,77.17,2,month-to-month,electronic_check,1
2,53.17,2,month-to-month,electronic_check,1
49,92.31,2,one-year,electronic_check,1
4,70.78,1,month-to-month,bank_transfer,1
7,69.91,0,month-to-month,electronic_check,1
39,31.01,1,one-year,bank_transfer,0
13,58.95,1,one-year,bank_transfer,1
31,44.11,1,month-to-month,credit_card,1
71,21.57,3,one-year,electronic_check,0
63,56.01,2,one-year,bank_transfer,0
56,28.98,3,one-year,electronic_check,0
42,45.68,1,two-year,electronic_check,0
61,29.25,1,month-to-month,electronic_check,0
42,30.09,3,one-year,credit_card,0
56,39.9,0,one-year,credit_card,0
36,119.98,2,one-year,electronic_check,0
68,20.22,1,month-to-month,bank_transfer,0
7,83.87,1,month-to-month,electronic_check,1
54,34.12,2,month-to-month,bank_transfer,0
1,112.06,2,one-year,electronic_check,1
44,29.36,0,month-to-month,bank_transfer,0
45,115.51,0,month-to-month,bank_transfer,1
47,81.09,3,one-year,bank_transfer,1
13,20.13,1,two-year,electronic_check,1
22,109.4,0,month-to-month,bank_transfer,1
21,72.17,1,two-year,bank_transfer,1
9,46.27,0,month-to-month,electronic_check,0
26,96.73,1,month-to-month,electronic_check,1
9,112.67,3,one-year,credit_card,1
15,68.37,1,month-to-month,credit_card,1
10,51.56,0,two-year,electronic_check,0
42,98.89,1,month-to-month,bank_transfer,1
24,88.18,0,month-to-month,bank_transfer,1
49,108.88,3,one-year,credit_card,0
26,89.25,2,one-year,credit_card,1
37,44.35,0,two-year,bank_transfer,0
68,113.17,3,month-to-month,electronic_check,1
50,30.48,2,month-to-month,bank_transfer,0
24,46.79,0,month-to-month,credit_card,0
19,72.02,1,one-year,credit_card,1
60,76.57,5,one-year,electronic_check,0
39,21.53,1,two-year,credit_card,0
18,98.06,0,one-year,bank_transfer,0
19,56.16,1,two-year,electronic_check,0
36,60.64,1,two-year,bank_transfer,0
55,100.94,2,month-to-month,electronic_check,1
69,57.93,1,month-to-month,bank_transfer,1
47,24.72,2,month-to-month,bank_transfer,0
49,37.64,1,month-to-month,credit_card,0
33,115.59,3,month-to-month,credit_card,1
21,27.04,0,month-to-month,electronic_check,0
22,55.49,1,month-to-month,electronic_check,1
48,70.32,0,month-to-month,credit_card,1
37,69.33,1,month-to-month,bank_transfer,0
15,20.4,4,month-to-month,credit_card,0
35,70.12,1,month-to-month,electronic_check,1
71,58.38,1,month-to-month,credit_card,1
32,117.21,0,month-to-month,bank_transfer,1
11,35.92,3,two-year,electronic_check,0
10,55.42,2,month-to-month,electronic_check,1
57,61.95,0,two-year,credit_card,0
25,59.07,2,one-year,bank_transfer,1
2,86.58,0,month-to-month,credit_card,1
64,41.55,0,month-to-month,credit_card,0
35,42.11,2,month-to-month,electronic_check,1
7,92.92,2,month-to-month,bank_transfer,1
18,70.03,0,one-year,electronic_check,1
67,61.52,2,two-year,bank_transfer,0
42,36.92,3,two-year,electronic_check,1
39,38.75,1,one-year,bank_transfer,0
41,21.06,1,month-to-month,bank_transfer,0
24,29.14,1,month-to-month,electronic_check,0
60,75.68,2,one-year,electronic_check,1
46,109.19,2,two-year,bank_transfer,1
19,48.72,2,month-to-month,credit_card,1
68,52.77,2,two-year,bank_transfer,0
42,31.56,2,month-to-month,credit_card,0
32,58.86,2,month-to-month,electronic_check,1
39,23.72,0,two-year,electronic_check,0
36,111.76,1,two-year,bank_transfer,1
36,87.31,3,one-year,credit_card,1
3,119.07,1,month-to-month,bank_transfer,1
8,108.28,3,month-to-month,bank_transfer,1
70,67.3,0,month-to-month,credit_card,1
41,71.97,3,one-year,electronic_check,0
68,39.06,3,month-to-month,electronic_check,1
13,66.2,2,one-year,electronic_check,1
49,110.3,0,month-to-month,electronic_check,1
60,25.09,1,month-to-month,credit_card,0
2,106.36,1,one-year,bank_transfer,1
60,54.09,3,two-year,bank_transfer,0
5,109.95,1,month-to-month,credit_card,1
44,114.09,2,two-year,credit_card,0
27,87.09,0,month-to-month,bank_transfer,1
32,86.44,1,one-year,credit_card,1
21,65.28,1,two-year,electronic_check,1
8,103.55,1,month-to-month,credit_card,1
50,116.16,2,month-to-month,electronic_check,1
67,97.51,1,month-to-month,bank_transfer,0
44,82.19,0,month-to-month,electronic_check,0
58,80.68,0,one-year,credit_card,0
3,104.95,0,month-to-month,electronic_check,1
70,74.12,7,month-to-month,bank_transfer,1
2,100.39,0,one-year,bank_transfer,1
44,70.89,3,one-year,bank_transfer,1
2,26.24,2,month-to-month,credit_card,1
35,58.39,2,one-year,credit_card,0
30,64.44,1,one-year,credit_card,0
8,34.16,2,month-to-month,electronic_check,0
22,30.25,1,one-year,electronic_check,0
44,73.55,0,two-year,electronic_check,0
58,28.51,1,month-to-month,credit_card,0
36,50.29,2,one-year,bank_transfer,0
69,94.46,0,two-year,electronic_check,0
31,116.44,1,two-year,bank_transfer,0
47,91.79,3,one-year,bank_transfer,1
55,119.26,1,one-year,electronic_check,0
62,89.83,3,one-year,credit_card,0
30,49.38,1,one-year,electronic_check,0
55,87.21,0,month-to-month,bank_transfer,0
16,90.22,0,month-to-month,bank_transfer,1
12,57.17,2,month-to-month,electronic_check,1
17,21.77,0,month-to-month,credit_card,1
16,90.32,1,month-to-month,electronic_check,1
12,22.17,2,month-to-month,electronic_check,1
8,83.12,2,two-year,credit_card,1
3,36.36,1,two-year,electronic_check,1
16,76.56,1,one-year,electronic_check,1
30,70.39,2,two-year,electronic_check,1
23,21.35,2,two-year,bank_transfer,0
5,56.29,2,two-year,electronic_check,1
65,80.11,1,month-to-month,bank_transfer,0
30,104.86,2,month-to-month,electronic_check,1
21,108.86,2,month-to-month,electronic_check,1
70,68.38,0,month-to-month,bank_transfer,0
22,92.84,0,two-year,electronic_check,1
32,51.65,2,month-to-month,bank_transfer,1
33,54.22,0,month-to-month,bank_transfer,1
16,39.45,2,month-to-month,credit_card,0
38,76.19,2,month-to-month,electronic_check,0
14,51.46,2,one-year,bank_transfer,1
36,28.44,2,one-year,electronic_check,0
23,88.5,1,month-to-month,credit_card,1
66,90.78,0,one-year,credit_card,1
2,56.0,1,one-year,credit_card,1
65,27.67,1,one-year,electronic_check,0
67,62.63,1,month-to-month,electronic_check,0
52,64.23,1,month-to-month,bank_transfer,0
62,86.87,1,month-to-month,electronic_check,0
23,51.54,0,one-year,credit_card,1
26,88.26,0,month-to-month,electronic_check,1
68,107.15,2,month-to-month,bank_transfer,1
55,43.75,2,month-to-month,credit_card,0
6,117.89,0,one-year,electronic_check,1
35,58.64,2,one-year,bank_transfer,0
22,46.73,1,month-to-month,electronic_check,1
43,62.15,1,one-year,electronic_check,1
15,29.44,1,month-to-month,electronic_check,1
60,32.57,1,month-to-month,electronic_check,0
12,61.44,3,month-to-month,electronic_check,1
49,96.24,2,month-to-month,bank_transfer,1
42,110.03,0,two-year,credit_card,1
38,86.48,3,one-year,electronic_check,1
45,30.52,1,one-year,credit_card,0
35,87.2,2,month-to-month,credit_card,1
30,83.54,4,month-to-month,credit_card,1
30,100.58,3,month-to-month,bank_transfer,1
6,102.52,1,one-year,electronic_check,1
67,106.82,1,month-to-month,credit_card,1
7,61.41,0,month-to-month,credit_card,0
52,89.79,4,one-year,electronic_check,1
14,46.83,0,two-year,credit_card,0
15,119.93,2,month-to-month,electronic_check,1
21,37.53,3,month-to-month,credit_card,1
35,21.01,3,month-to-month,electronic_check,1
66,34.88,2,one-year,bank_transfer,0
2,97.59,0,month-to-month,bank_transfer,1
35,64.68,2,one-year,electronic_check,0
20,64.75,0,one-year,electronic_check,0
10,115.5,2,month-to-month,credit_card,1
25,111.96,1,month-to-month,bank_transfer,1
66,51.12,0,month-to-month,bank_transfer,0
25,40.91,2,month-to-month,bank_transfer,1
54,104.85,1,month-to-month,credit_card,1
33,110.6,1,month-to-month,electronic_check,1
36,74.16,1,one-year,credit_card,1
14,82.94,1,month-to-month,electronic_check,1
65,45.69,3,one-year,electronic_check,0
54,100.08,3,month-to-month,bank_transfer,1
52,83.21,3,one-year,credit_card,1
3,70.35,4,two-year,electronic_check,1
41,26.01,1,two-year,bank_transfer,1
6,111.59,1,month-to-month,bank_transfer,1
25,81.55,2,one-year,electronic_check,1
13,39.27,0,one-year,credit_card,0
8,80.64,3,month-to-month,bank_transfer,1
21,87.75,2,one-year,credit_card,1
68,72.58,0,two-year,bank_transfer,0
25,91.81,2,month-to-month,electronic_check,1
68,78.15,1,month-to-month,bank_transfer,1
45,114.78,2,one-year,bank_transfer,1
60,25.37,2,month-to-month,credit_card,1
12,30.62,1,month-to-month,electronic_check,0
32,37.37,1,month-to-month,bank_transfer,0
13,89.02,0,month-to-month,credit_card,1
31,84.56,3,month-to-month,credit_card,1
20,109.21,0,month-to-month,electronic_check,1
18,93.29,2,month-to-month,credit_card,1
60,70.84,0,one-year,bank_transfer,0
63,119.18,3,month-to-month,bank_transfer,1
6,46.61,2,month-to-month,electronic_check,1
32,103.32,1,month-to-month,bank_transfer,1
43,62.68,1,month-to-month,credit_card,0
2,84.87,0,month-to-month,electronic_check,1
60,92.73,0,month-to-month,electronic_check,1
23,83.38,3,one-year,electronic_check,1
31,34.05,3,month-to-month,electronic_check,1
5,64.3,1,month-to-month,credit_card,1
34,76.14,0,one-year,electronic_check,1
10,104.9,0,month-to-month,electronic_check,1
2,64.36,1,one-year,credit_card,1
11,111.87,2,two-year,bank_transfer,1
50,64.04,1,month-to-month,electronic_check,0
31,74.88,1,two-year,bank_transfer,1
56,99.63,4,two-year,electronic_check,1
9,78.31,3,month-to-month,electronic_check,1
21,116.02,1,two-year,bank_transfer,1
28,86.03,3,one-year,credit_card,0
62,72.27,3,two-year,credit_card,0
7,22.36,2,one-year,credit_card,1
16,61.37,2,one-year,credit_card,0
4,49.92,3,month-to-month,credit_card,1
4,94.81,4,month-to-month,credit_card,1
40,40.83,2,month-to-month,credit_card,0
17,40.52,5,month-to-month,bank_transfer,1
52,38.95,3,two-year,electronic_check,0
52,32.56,1,month-to-month,electronic_check,1
36,51.1,0,one-year,electronic_check,0
38,108.59,1,month-to-month,credit_card,1
50,97.49,2,month-to-month,bank_transfer,1
63,93.53,0,month-to-month,credit_card,0
63,99.73,4,month-to-month,electronic_check,1
62,46.94,1,two-year,bank_transfer,0
7,108.74,4,month-to-month,electronic_check,1
27,33.73,0,month-to-month,credit_card,1
14,53.63,2,month-to-month,credit_card,1
71,78.67,2,month-to-month,credit_card,0
5,30.29,0,month-to-month,electronic_check,0
55,93.01,2,month-to-month,electronic_check,0
2,58.72,1,month-to-month,electronic_check,1
62,98.44,3,month-to-month,electronic_check,1
21,69.29,3,month-to-month,credit_card,1
21,38.09,1,two-year,electronic_check,0
10,93.48,0,month-to-month,bank_transfer,1
58,45.21,2,month-to-month,bank_transfer,0
39,69.08,1,one-year,bank_transfer,0
5,27.55,2,one-year,electronic_check,0
65,81.79,1,one-year,credit_card,0
13,86.59,0,two-year,bank_transfer,0
53,57.87,0,month-to-month,credit_card,0
45,115.44,2,month-to-month,electronic_check,1
32,107.42,0,month-to-month,credit_card,1
36,90.79,2,two-year,electronic_check,1
60,91.37,1,month-to-month,bank_transfer,1
11,45.24,3,one-year,bank_transfer,1
63,85.68,1,one-year,electronic_check,1
21,39.82,1,month-to-month,electronic_check,0
52,34.4,0,month-to-month,credit_card,0
55,119.95,1,month-to-month,electronic_check,1
26,82.24,0,month-to-month,credit_card,0
68,63.1,1,month-to-month,bank_transfer,1
34,48.82,1,month-to-month,electronic_check,1
52,80.39,1,one-year,electronic_check,0
52,24.96,0,two-year,electronic_check,0
29,29.47,1,one-year,bank_transfer,1
38,23.29,3,one-year,bank_transfer,1
42,69.92,2,month-to-month,credit_card,0
21,80.06,3,month-to-month,bank_transfer,1
42,26.25,0,month-to-month,credit_card,0
13,92.12,2,month-to-month,electronic_check,1
64,43.04,2,one-year,bank_transfer,0
17,88.52,2,two-year,electronic_check,1
9,118.19,2,month-to-month,electronic_check,1
41,89.11,6,month-to-month,credit_card,1
1,108.32,2,month-to-month,credit_card,1
2,114.82,2,month-to-month,electronic_check,1
60,68.68,0,one-year,credit_card,0
48,90.23,1,one-year,bank_transfer,0
29,105.2,2,one-year,credit_card,1
10,55.66,1,one-year,electronic_check,1
58,46.14,4,month-to-month,electronic_check,0
60,114.66,1,two-year,credit_card,1
21,92.63,1,one-year,bank_transfer,1
28,41.97,1,month-to-month,bank_transfer,1
34,64.91,1,month-to-month,bank_transfer,1
8,99.65,4,two-year,credit_card,1
59,74.71,0,month-to-month,bank_transfer,1
49,85.0,0,month-to-month,bank_transfer,0
17,95.38,1,month-to-month,credit_card,1
60,82.2,2,two-year,credit_card,0
45,74.01,3,month-to-month,electronic_check,1
69,94.96,0,one-year,bank_transfer,0
32,92.76,2,two-year,bank_transfer,1
44,82.99,0,two-year,electronic_check,1
65,55.98,2,two-year,bank_transfer,1
8,60.58,2,month-to-month,electronic_check,1
43,117.04,1,month-to-month,electronic_check,1
1,31.24,2,month-to-month,credit_card,1
51,46.85,2,month-to-month,electronic_check,1
24,69.24,0,two-year,bank_transfer,0
24,103.67,3,two-year,electronic_check,1
17,36.37,1,month-to-month,bank_transfer,0
5,47.7,2,month-to-month,electronic_check,1
20,26.58,1,month-to-month,bank_transfer,1
21,90.6,2,month-to-month,credit_card,1
58,43.82,2,month-to-month,electronic_check,1
31,58.87,5,one-year,electronic_check,1
11,64.37,2,one-year,bank_transfer,1
52,109.13,1,two-year,electronic_check,1
15,61.13,3,month-to-month,electronic_check,1
7,34.52,0,month-to-month,electronic_check,1
28,72.43,2,two-year,bank_transfer,0
51,116.3,1,month-to-month,credit_card,1
58,80.77,3,month-to-month,bank_transfer,1
5,118.34,1,month-to-month,bank_transfer,1
5,104.11,0,two-year,electronic_check,1
8,23.6,0,one-year,credit_card,1
64,85.84,0,two-year,electronic_check,0
10,48.68,0,month-to-month,credit_card,0
38,75.96,0,one-year,electronic_check,1
8,47.93,0,one-year,credit_card,1
25,54.89,3,month-to-month,bank_transfer,1
66,112.32,2,two-year,electronic_check,1
50,40.66,5,one-year,credit_card,1
67,107.41,0,two-year,electronic_check,1
49,23.05,0,two-year,credit_card,0
36,29.09,1,month-to-month,credit_card,0
68,105.47,0,month-to-month,electronic_check,1
41,83.06,2,month-to-month,electronic_check,1
62,94.72,1,one-year,bank_transfer,1
10,40.94,1,one-year,bank_transfer,0
21,73.71,3,one-year,credit_card,1
36,93.72,2,month-to-month,credit_card,1
12,82.73,1,one-year,electronic_check,1
2,67.17,1,month-to-month,credit_card,0
13,115.98,2,month-to-month,credit_card,1
53,87.62,1,two-year,electronic_check,1
32,110.78,1,month-to-month,electronic_check,1
16,92.98,0,month-to-month,bank_transfer,1
32,93.55,1,month-to-month,credit_card,1
32,28.0,1,month-to-month,electronic_check,0
11,55.95,0,month-to-month,credit_card,1
10,105.84,2,one-year,credit_card,1
15,43.26,1,one-year,electronic_check,0
17,31.55,2,month-to-month,bank_transfer,1
40,52.61,1,month-to-month,electronic_check,1
18,42.04,1,month-to-month,electronic_check,1
55,112.53,4,one-year,bank_transfer,1
25,106.8,1,month-to-month,credit_card,1
59,69.97,1,month-to-month,bank_transfer,0
22,26.13,3,month-to-month,credit_card,1
30,91.46,0,month-to-month,electronic_check,1
44,82.34,2,one-year,bank_transfer,0
32,117.06,2,month-to-month,credit_card,1
51,75.9,1,month-to-month,electronic_check,1
46,53.64,0,month-to-month,bank_transfer,0
21,71.9,0,two-year,bank_transfer,1
32,117.93,2,one-year,credit_card,0
39,89.64,1,month-to-month,bank_transfer,1
12,87.2,1,month-to-month,bank_transfer,1
47,44.07,1,two-year,credit_card,0
18,94.36,2,month-to-month,electronic_check,1
21,95.03,1,two-year,bank_transfer,1
13,51.73,1,month-to-month,bank_transfer,1
21,68.37,2,month-to-month,electronic_check,0
8,49.46,0,one-year,bank_transfer,0
46,45.87,3,one-year,electronic_check,0
7,22.59,3,two-year,credit_card,1
23,48.52,1,two-year,credit_card,1
22,75.4,0,month-to-month,electronic_check,1
22,20.16,1,one-year,electronic_check,0
29,48.32,2,two-year,credit_card,1
13,108.14,2,month-to-month,electronic_check,1
2,79.36,1,month-to-month,bank_transfer,1
29,80.79,4,month-to-month,electronic_check,1
52,60.34,3,month-to-month,electronic_check,1
27,87.65,4,two-year,electronic_check,1
50,38.99,2,month-to-month,electronic_check,0
23,101.87,1,month-to-month,bank_transfer,1
44,31.67,0,two-year,credit_card,0
22,85.6,2,month-to-month,bank_transfer,1
43,54.11,2,one-year,bank_transfer,0
37,94.75,2,two-year,bank_transfer,0
61,74.98,0,month-to-month,electronic_check,1
56,65.24,0,month-to-month,electronic_check,0
3,36.94,1,month-to-month,electronic_check,0
63,83.68,2,one-year,bank_transfer,1
19,117.48,6,month-to-month,credit_card,1
23,102.56,2,month-to-month,bank_transfer,1
29,26.0,0,month-to-month,bank_transfer,1
30,57.62,0,one-year,electronic_check,0
39,112.56,3,month-to-month,credit_card,1
25,70.3,1,one-year,credit_card,1
8,86.21,2,one-year,electronic_check,1
58,111.26,2,one-year,bank_transfer,1
16,107.38,1,two-year,bank_transfer,1
1,70.18,2,month-to-month,bank_transfer,1
5,63.76,8,month-to-month,credit_card,1
3,53.97,1,one-year,credit_card,0
65,91.9,3,month-to-month,bank_transfer,1
4,48.7,1,one-year,bank_transfer,0
64,44.99,2,two-year,electronic_check,0
10,55.62,0,two-year,electronic_check,0
21,37.72,1,one-year,electronic_check,0
46,89.51,3,two-year,electronic_check,0
27,81.62,0,month-to-month,credit_card,0
66,68.29,3,month-to-month,bank_transfer,1
41,59.03,0,month-to-month,credit_card,0
13,110.91,1,month-to-month,credit_card,1
9,22.91,2,month-to-month,credit_card,1
36,96.91,0,two-year,electronic_check,1
58,110.19,0,one-year,bank_transfer,1
54,64.64,3,one-year,electronic_check,0
12,75.07,1,month-to-month,credit_card,1
14,114.45,4,month-to-month,credit_card,1
34,41.23,0,two-year,electronic_check,1
53,72.01,2,one-year,electronic_check,0
20,67.47,2,one-year,bank_transfer,1
16,45.84,1,two-year,electronic_check,0
70,101.86,2,one-year,credit_card,1
56,109.96,5,one-year,credit_card,1
58,98.19,1,month-to-month,credit_card,1
4,39.54,2,month-to-month,bank_transfer,0
4,28.67,0,one-year,bank_transfer,1
20,80.54,1,month-to-month,electronic_check,1
10,25.71,2,one-year,credit_card,0
24,87.28,3,month-to-month,credit_card,1
26,73.04,2,month-to-month,electronic_check,1
37,86.28,1,month-to-month,electronic_check,1
54,79.02,0,month-to-month,electronic_check,1
21,62.27,1,two-year,credit_card,1
38,40.09,2,month-to-month,electronic_check,1
46,50.57,1,one-year,bank_transfer,0
4,72.45,1,month-to-month,electronic_check,1
60,85.19,0,month-to-month,credit_card,0
57,97.95,1,month-to-month,bank_transfer,1
45,96.72,2,two-year,electronic_check,1
20,117.27,2,month-to-month,electronic_check,1
17,48.58,1,two-year,electronic_check,1
71,27.11,2,month-to-month,credit_card,0
4,54.57,2,month-to-month,credit_card,1
14,94.33,1,one-year,electronic_check,0
3,63.81,0,month-to-month,bank_transfer,1
58,101.78,2,month-to-month,electronic_check,1
55,74.93,1,month-to-month,credit_card,1
4,112.98,2,month-to-month,electronic_check,1
24,114.79,0,month-to-month,credit_card,1
34,26.93,1,two-year,bank_transfer,0
30,65.64,1,month-to-month,bank_transfer,1
19,80.97,1,two-year,electronic_check,0
31,45.59,1,month-to-month,electronic_check,0
60,60.71,0,month-to-month,bank_transfer,0
60,87.77,3,month-to-month,bank_transfer,0
19,42.67,1,month-to-month,electronic_check,0
49,80.2,1,month-to-month,credit_card,1
63,89.74,2,month-to-month,bank_transfer,1
22,29.05,1,two-year,electronic_check,0
24,69.75,1,one-year,credit_card,1
30,46.31,0,one-year,credit_card,0
58,92.44,1,month-to-month,electronic_check,0
31,38.96,1,two-year,credit_card,0
64,109.22,2,month-to-month,bank_transfer,1
19,63.09,5,two-year,credit_card,1
48,39.8,1,month-to-month,electronic_check,0
45,63.8,6,month-to-month,credit_card,1
55,60.87,1,two-year,electronic_check,0
55,62.89,0,month-to-month,bank_transfer,0
18,78.56,2,two-year,electronic_check,1
63,72.12,2,month-to-month,electronic_check,1
47,34.98,2,month-to-month,bank_transfer,1
57,26.56,1,two-year,bank_transfer,0
45,92.94,2,one-year,electronic_check,1
33,75.97,4,one-year,electronic_check,1
17,55.9,3,month-to-month,electronic_check,1
70,100.84,3,month-to-month,electronic_check,1
4,58.81,0,month-to-month,electronic_check,1
20,99.6,1,month-to-month,electronic_check,1
47,50.58,2,two-year,electronic_check,1
15,27.28,1,month-to-month,bank_transfer,0
70,113.26,2,one-year,credit_card,1
47,59.46,2,two-year,electronic_check,0
9,99.27,0,month-to-month,electronic_check,1
16,47.91,3,two-year,bank_transfer,1
69,84.64,2,two-year,electronic_check,1
61,107.33,1,month-to-month,bank_transfer,1
10,24.16,3,month-to-month,credit_card,1
50,103.06,1,month-to-month,credit_card,1
3,77.13,4,one-year,bank_transfer,1
70,80.75,0,month-to-month,bank_transfer,1
51,72.32,0,one-year,electronic_check,0
19,107.45,5,month-to-month,bank_transfer,1
42,24.34,0,two-year,credit_card,0
35,46.1,1,two-year,credit_card,0
46,107.58,1,two-year,bank_transfer,0
26,95.23,1,month-to-month,electronic_check,1
69,21.76,1,month-to-month,electronic_check,0
64,71.7,2,month-to-month,electronic_check,1
37,72.96,2,month-to-month,credit_card,1
49,60.09,0,month-to-month,electronic_check,1
21,49.74,0,two-year,electronic_check,0
64,88.17,3,two-year,credit_card,1
5,40.78,0,month-to-month,electronic_check,0
70,99.89,0,one-year,bank_transfer,0
4,100.3,1,month-to-month,electronic_check,1
39,61.53,3,month-to-month,bank_transfer,1
35,48.35,2,two-year,electronic_check,0
1,48.39,1,two-year,bank_transfer,1
24,68.23,0,month-to-month,credit_card,0
57,91.96,2,two-year,bank_transfer,0
70,55.89,0,two-year,bank_transfer,0
41,81.0,0,month-to-month,credit_card,1
54,58.25,1,month-to-month,electronic_check,1
46,50.45,0,one-year,credit_card,0
60,22.49,3,two-year,electronic_check,1
60,20.39,1,month-to-month,electronic_check,0
57,42.72,1,month-to-month,electronic_check,0
31,60.64,2,one-year,electronic_check,0
24,105.13,1,one-year,credit_card,1
36,99.85,1,month-to-month,electronic_check,1
30,46.72,3,month-to-month,electronic_check,1
24,44.45,1,two-year,bank_transfer,1
30,42.73,1,one-year,electronic_check,0
7,53.92,2,two-year,credit_card,1
35,69.82,1,two-year,credit_card,1
55,63.87,2,two-year,electronic_check,0
14,41.83,4,two-year,electronic_check,1
10,33.05,2,two-year,electronic_check,1
16,21.26,1,one-year,bank_transfer,0
54,35.4,1,one-year,electronic_check,0
70,90.54,2,one-year,bank_transfer,0
44,44.36,0,one-year,credit_card,0
45,66.86,2,month-to-month,bank_transfer,1
56,79.13,3,month-to-month,electronic_check,1
57,108.68,1,month-to-month,electronic_check,1
21,108.89,1,month-to-month,credit_card,1
68,94.57,1,month-to-month,bank_transfer,1
50,23.52,1,two-year,electronic_check,0
33,77.51,1,month-to-month,bank_transfer,0
7,98.66,5,month-to-month,bank_transfer,1
70,21.73,2,one-year,electronic_check,1
15,74.97,3,month-to-month,credit_card,1
32,105.78,0,two-year,credit_card,0
20,67.41,1,month-to-month,bank_transfer,1
15,20.41,1,month-to-month,credit_card,0
48,21.1,0,two-year,bank_transfer,0
71,61.66,0,one-year,credit_card,0
21,35.5,1,two-year,bank_transfer,0
42,86.45,2,month-to-month,bank_transfer,1
26,90.88,2,month-to-month,electronic_check,1
14,37.79,1,month-to-month,electronic_check,0
57,108.85,2,month-to-month,electronic_check,0
37,64.19,2,month-to-month,bank_transfer,0
58,34.28,2,month-to-month,bank_transfer,1
21,96.43,2,two-year,bank_transfer,0
69,99.0,5,one-year,credit_card,0
3,83.93,1,month-to-month,electronic_check,1
37,105.35,2,month-to-month,electronic_check,1
49,93.74,1,two-year,electronic_check,1
19,108.22,1,month-to-month,electronic_check,1
12,63.39,0,month-to-month,bank_transfer,1
61,94.76,0,month-to-month,credit_card,1
41,119.98,2,one-year,electronic_check,1
33,92.49,0,month-to-month,credit_card,1
50,31.42,1,two-year,credit_card,0
68,71.83,4,month-to-month,electronic_check,1
71,78.73,1,month-to-month,bank_transfer,0
33,37.42,0,month-to-month,electronic_check,1
24,116.29,0,month-to-month,credit_card,1
61,37.56,1,month-to-month,electronic_check,0
61,37.76,0,two-year,bank_transfer,1
28,111.52,2,month-to-month,bank_transfer,1
58,66.52,1,two-year,credit_card,0
43,26.32,3,month-to-month,bank_transfer,0
41,79.82,1,month-to-month,electronic_check,0
39,80.18,1,month-to-month,bank_transfer,1
49,26.45,1,month-to-month,credit_card,0
17,117.25,3,one-year,bank_transfer,1
70,74.4,1,two-year,credit_card,0
70,75.98,1,one-year,credit_card,0
65,72.01,2,month-to-month,bank_transfer,1
5,81.07,1,month-to-month,electronic_check,1
2,46.43,8,two-year,electronic_check,1
22,48.72,3,two-year,credit_card,1
57,71.13,3,month-to-month,credit_card,1
66,100.67,1,month-to-month,electronic_check,1
16,24.99,1,one-year,bank_transfer,1
51,80.34,3,one-year,credit_card,0
39,100.68,1,month-to-month,bank_transfer,1
40,35.69,4,month-to-month,credit_card,1
38,21.5,0,two-year,electronic_check,0
60,51.27,0,month-to-month,credit_card,0
59,78.81,3,month-to-month,electronic_check,1
10,33.83,2,month-to-month,bank_transfer,1
64,62.61,2,month-to-month,bank_transfer,1
63,75.23,1,two-year,bank_transfer,0
49,79.89,1,one-year,bank_transfer,1
64,47.44,1,two-year,credit_card,0
32,60.0,1,month-to-month,bank_transfer,0
7,97.83,2,two-year,bank_transfer,1
21,114.12,2,month-to-month,electronic_check,1
20,106.19,3,month-to-month,credit_card,1
26,76.43,1,two-year,electronic_check,1
68,61.03,3,month-to-month,bank_transfer,1
15,53.3,3,month-to-month,electronic_check,1
14,32.5,1,month-to-month,bank_transfer,0
27,30.66,1,month-to-month,electronic_check,0
40,88.84,1,month-to-month,credit_card,1
58,45.98,0,one-year,electronic_check,0
28,45.47,1,month-to-month,electronic_check,0
26,119.82,1,month-to-month,credit_card,1
63,38.79,0,one-year,electronic_check,0
66,34.81,1,month-to-month,credit_card,0
25,29.87,2,one-year,credit_card,0
3,77.98,0,two-year,credit_card,1
44,82.79,2,month-to-month,electronic_check,1
42,56.52,1,one-year,electronic_check,0
6,73.54,1,month-to-month,electronic_check,1
39,98.84,1,one-year,electronic_check,1
52,101.81,2,month-to-month,electronic_check,1
23,115.79,1,month-to-month,credit_card,1
50,102.43,1,month-to-month,bank_transfer,1
43,76.48,1,one-year,electronic_check,1
19,37.97,0,month-to-month,electronic_check,1
69,29.98,0,month-to-month,bank_transfer,0
51,25.45,0,two-year,electronic_check,0
11,86.65,1,month-to-month,credit_card,1
12,100.75,0,one-year,electronic_check,1
8,70.87,3,month-to-month,credit_card,1
24,25.47,1,two-year,bank_transfer,0
41,73.55,3,month-to-month,credit_card,1
36,113.57,2,month-to-month,electronic_check,1
55,79.76,2,one-year,electronic_check,1
9,100.94,2,two-year,bank_transfer,1
47,100.02,1,two-year,credit_card,1
15,113.21,1,month-to-month,credit_card,1
48,97.02,2,two-year,bank_transfer,1
42,94.77,2,one-year,electronic_check,1
60,43.41,2,two-year,electronic_check,1
70,25.99,4,two-year,electronic_check,0
12,71.76,3,month-to-month,bank_transfer,1
2,32.44,2,one-year,electronic_check,1
7,116.22,1,one-year,electronic_check,1
3,48.99,1,one-year,bank_transfer,0
3,105.29,1,month-to-month,credit_card,1
27,58.76,2,month-to-month,bank_transfer,1
40,52.32,0,month-to-month,bank_transfer,0
33,113.52,3,two-year,credit_card,1
1,56.33,2,month-to-month,electronic_check,1
8,59.03,1,month-to-month,electronic_check,1
32,30.61,0,month-to-month,credit_card,0
48,87.04,0,one-year,bank_transfer,0
4,48.88,1,two-year,bank_transfer,1
70,78.56,0,one-year,electronic_check,0
19,79.14,1,month-to-month,bank_transfer,0
32,91.92,1,two-year,bank_transfer,1
9,94.52,2,month-to-month,electronic_check,1
12,71.45,1,two-year,bank_transfer,1
11,53.1,1,month-to-month,electronic_check,0
46,103.75,0,one-year,credit_card,0
16,50.99,3,month-to-month,credit_card,1
1,70.75,1,two-year,credit_card,1
63,60.13,2,month-to-month,credit_card,1
21,105.51,3,month-to-month,electronic_check,1
30,63.19,4,two-year,credit_card,1
13,58.61,3,month-to-month,bank_transfer,1
34,88.98,0,one-year,credit_card,0
4,80.24,3,one-year,electronic_check,1
28,30.72,1,one-year,credit_card,1
59,70.82,0,month-to-month,electronic_check,0
27,93.55,1,two-year,electronic_check,0
69,119.21,2,two-year,credit_card,1
25,82.91,4,month-to-month,credit_card,1
3,57.03,4,month-to-month,bank_transfer,1
68,42.62,2,month-to-month,bank_transfer,0
25,107.28,2,month-to-month,electronic_check,1
20,101.46,2,month-to-month,bank_transfer,1
34,43.39,1,two-year,electronic_check,0
26,40.06,0,one-year,credit_card,0
5,91.51,0,one-year,bank_transfer,1
61,51.5,0,month-to-month,credit_card,0
9,50.64,1,month-to-month,bank_transfer,1
50,35.23,3,one-year,bank_transfer,0
6,46.4,2,one-year,bank_transfer,1
60,62.75,0,one-year,electronic_check,0
44,93.28,1,month-to-month,electronic_check,1
11,53.63,2,one-year,credit_card,1
66,52.86,0,month-to-month,electronic_check,0
47,48.49,2,month-to-month,bank_transfer,1
3,67.83,1,one-year,electronic_check,1
30,38.06,3,month-to-month,electronic_check,1
21,68.56,2,two-year,bank_transfer,1
28,90.42,2,month-to-month,credit_card,1
62,22.98,3,one-year,bank_transfer,0
33,20.98,1,two-year,electronic_check,0
35,27.51,2,month-to-month,electronic_check,1
52,73.57,1,two-year,credit_card,0
34,105.45,5,one-year,credit_card,1
41,20.49,0,two-year,credit_card,0
51,113.67,0,month-to-month,electronic_check,1
47,30.63,3,month-to-month,credit_card,1
58,104.2,2,month-to-month,credit_card,1
57,68.29,3,one-year,credit_card,0
23,85.94,1,month-to-month,electronic_check,1
48,71.07,0,month-to-month,credit_card,0
22,67.7,3,month-to-month,bank_transfer,1
17,103.49,2,month-to-month,bank_transfer,1
69,95.59,2,one-year,bank_transfer,0
11,68.34,1,month-to-month,credit_card,1
15,31.16,0,month-to-month,credit_card,1
35,31.54,2,month-to-month,credit_card,1
33,100.15,0,one-year,bank_transfer,0
16,72.94,3,two-year,bank_transfer,1
34,68.16,4,one-year,bank_transfer,1
66,88.06,1,month-to-month,electronic_check,1
40,105.88,1,month-to-month,electronic_check,1
28,82.89,3,month-to-month,credit_card,0
47,96.28,3,one-year,electronic_check,1
39,96.53,0,month-to-month,credit_card,0
70,55.63,1,two-year,credit_card,0
20,47.41,1,two-year,bank_transfer,0
1,100.12,2,month-to-month,credit_card,1
63,57.72,1,month-to-month,bank_transfer,1
67,110.33,3,month-to-month,electronic_check,1
4,26.97,0,month-to-month,electronic_check,1
58,25.82,0,one-year,credit_card,0
25,112.7,2,one-year,credit_card,1
47,84.85,3,month-to-month,bank_transfer,1
38,57.96,4,two-year,electronic_check,0
15,95.51,1,one-year,electronic_check,1
63,87.23,2,two-year,bank_transfer,1
21,73.12,3,one-year,bank_transfer,0
57,29.89,2,one-year,bank_transfer,0
53,101.22,1,month-to-month,credit_card,1
46,106.6,1,one-year,credit_card,1
14,37.22,1,month-to-month,electronic_check,0
17,105.05,1,one-year,electronic_check,1
39,107.78,1,month-to-month,credit_card,1
9,74.94,2,month-to-month,bank_transfer,1
6,85.62,1,month-to-month,electronic_check,1
23,58.22,2,month-to-month,electronic_check,1
59,48.18,2,month-to-month,credit_card,0
46,92.2,1,two-year,electronic_check,0
38,106.19,2,month-to-month,bank_transfer,1
14,85.41,0,one-year,bank_transfer,1
62,71.16,0,month-to-month,electronic_check,1
35,35.89,3,month-to-month,bank_transfer,0
19,25.35,1,month-to-month,electronic_check,0
30,64.57,3,month-to-month,electronic_check,1
25,24.93,0,month-to-month,electronic_check,0
40,76.93,3,month-to-month,bank_transfer,0
14,58.27,2,month-to-month,credit_card,1
26,95.72,2,two-year,electronic_check,1
22,50.56,2,month-to-month,credit_card,1
48,79.3,0,two-year,electronic_check,1
51,73.77,1,two-year,bank_transfer,1
3,20.47,3,one-year,bank_transfer,0
42,27.24,1,two-year,bank_transfer,0
19,49.04,2,month-to-month,electronic_check,0
28,108.22,1,two-year,electronic_check,1
45,34.7,2,month-to-month,bank_transfer,0
71,91.09,1,month-to-month,electronic_check,1
63,117.34,2,one-year,credit_card,1
19,99.06,3,two-year,electronic_check,1
47,44.29,1,two-year,bank_transfer,0
14,110.84,2,month-to-month,bank_transfer,1
38,29.31,0,month-to-month,bank_transfer,0
53,66.81,3,one-year,credit_card,1
61,108.75,1,one-year,bank_transfer,0
36,84.13,3,month-to-month,electronic_check,1
40,61.36,3,month-to-month,credit_card,1
30,49.28,2,two-year,electronic_check,1
9,57.51,1,one-year,bank_transfer,1
64,70.89,1,month-to-month,credit_card,1
33,51.9,2,one-year,electronic_check,1
52,116.9,0,one-year,bank_transfer,0
14,113.31,3,two-year,electronic_check,1
53,107.07,3,one-year,credit_card,1
59,62.18,0,month-to-month,credit_card,1
41,89.13,2,two-year,electronic_check,1
68,110.28,0,month-to-month,electronic_check,0
68,105.04,2,two-year,bank_transfer,1
8,61.43,1,one-year,electronic_check,1
2,31.24,4,two-year,electronic_check,0
41,27.56,2,month-to-month,bank_transfer,0
55,77.71,3,one-year,credit_card,1
16,84.26,2,two-year,electronic_check,1
62,104.98,1,one-year,electronic_check,1
48,49.25,3,month-to-month,credit_card,0
30,36.75,1,month-to-month,electronic_check,0
12,57.9,2,one-year,bank_transfer,1
35,55.36,2,month-to-month,bank_transfer,0
11,33.25,2,one-year,electronic_check,1
64,87.23,1,month-to-month,bank_transfer,1
50,70.87,2,two-year,bank_transfer,0
21,92.11,2,month-to-month,bank_transfer,1
69,55.27,3,month-to-month,bank_transfer,1
48,52.57,3,month-to-month,credit_card,1
20,67.26,1,one-year,bank_transfer,0
67,107.74,2,month-to-month,electronic_check,1
44,24.03,1,month-to-month,electronic_check,0
33,100.48,2,one-year,electronic_check,1
61,56.9,3,month-to-month,credit_card,1
9,105.46,2,two-year,credit_card,1
68,100.22,2,two-year,electronic_check,0
35,54.88,0,month-to-month,bank_transfer,0
65,89.39,4,two-year,electronic_check,0
8,35.96,0,one-year,credit_card,0
45,109.63,2,month-to-month,electronic_check,1
47,60.45,3,one-year,bank_transfer,0
40,65.56,2,two-year,electronic_check,0
54,90.58,0,two-year,electronic_check,0
46,102.08,2,one-year,electronic_check,0
47,43.63,1,month-to-month,bank_transfer,0
15,86.14,0,one-year,bank_transfer,1
19,59.2,1,month-to-month,electronic_check,1
26,56.87,2,one-year,electronic_check,1
52,89.0,1,two-year,bank_transfer,1
22,58.72,0,month-to-month,credit_card,1
21,54.61,0,month-to-month,credit_card,1
51,103.59,2,one-year,credit_card,1
38,30.13,2,month-to-month,electronic_check,1
20,87.59,1,month-to-month,credit_card,1
29,44.87,0,one-year,bank_transfer,1
51,21.55,2,two-year,electronic_check,0
4,36.68,0,one-year,bank_transfer,0
55,80.67,3,month-to-month,electronic_check,1
71,90.91,2,one-year,electronic_check,0
28,22.11,2,month-to-month,electronic_check,0
4,23.64,3,two-year,electronic_check,1
22,110.25,1,one-year,electronic_check,1
45,27.33,1,two-year,bank_transfer,0
67,109.42,0,two-year,bank_transfer,1
66,42.82,0,month-to-month,credit_card,0
34,94.0,1,two-year,electronic_check,1
55,50.97,2,two-year,electronic_check,1
1,105.88,2,one-year,credit_card,1
38,90.05,1,month-to-month,bank_transfer,1
6,60.18,0,one-year,credit_card,1
25,27.63,3,month-to-month,bank_transfer,0
17,93.27,0,one-year,bank_transfer,1
61,81.69,0,month-to-month,electronic_check,1
12,20.29,1,one-year,credit_card,0
6,20.94,2,two-year,electronic_check,0
27,100.88,0,month-to-month,electronic_check,1
8,45.94,1,one-year,bank_transfer,0
65,83.61,1,month-to-month,bank_transfer,0
57,65.42,1,one-year,credit_card,0
40,106.34,2,one-year,electronic_check,1
14,111.7,1,month-to-month,bank_transfer,1
35,119.68,1,one-year,bank_transfer,0
48,35.37,2,two-year,electronic_check,0
56,106.3,1,month-to-month,credit_card,0
49,46.6,1,one-year,bank_transfer,0
13,79.08,0,one-year,bank_transfer,1
61,70.58,0,month-to-month,credit_card,0
49,21.8,2,two-year,bank_transfer,0
46,113.28,3,one-year,credit_card,1
62,27.83,1,month-to-month,credit_card,0
8,88.82,1,month-to-month,bank_transfer,1
43,98.5,0,month-to-month,credit_card,1
20,99.53,0,one-year,electronic_check,1
39,33.55,2,one-year,credit_card,1
49,64.76,0,one-year,electronic_check,0
64,102.94,0,one-year,credit_card,0
62,50.27,1,month-to-month,bank_transfer,0
54,66.77,1,month-to-month,credit_card,0
9,47.28,0,two-year,credit_card,0
37,66.36,0,two-year,bank_transfer,1
49,108.78,4,month-to-month,bank_transfer,1
41,65.51,0,one-year,credit_card,0
17,75.59,2,month-to-month,electronic_check,1
21,60.4,1,month-to-month,electronic_check,0
51,66.01,1,one-year,bank_transfer,0
59,21.52,1,month-to-month,bank_transfer,1
39,48.37,2,month-to-month,electronic_check,1
55,63.66,1,one-year,electronic_check,1
41,83.38,2,two-year,electronic_check,1
39,65.01,2,two-year,electronic_check,0
13,53.78,1,one-year,electronic_check,1
64,58.81,0,month-to-month,electronic_check,0
11,44.23,2,month-to-month,electronic_check,1
19,112.45,0,one-year,bank_transfer,1
11,72.17,3,two-year,electronic_check,1
46,21.34,5,two-year,credit_card,0
45,21.94,1,one-year,bank_transfer,0
1,117.3,1,month-to-month,electronic_check,1
40,42.15,0,month-to-month,electronic_check,0
19,100.56,0,month-to-month,credit_card,1
61,25.83,2,two-year,electronic_check,1
12,112.12,2,month-to-month,credit_card,1
61,107.44,1,month-to-month,bank_transfer,0
33,77.11,1,month-to-month,bank_transfer,0
45,20.9,1,one-year,credit_card,0
69,45.78,1,one-year,bank_transfer,0
8,60.68,2,one-year,credit_card,1
25,66.01,3,one-year,credit_card,1
46,49.77,1,one-year,credit_card,0
30,23.29,1,month-to-month,credit_card,0
47,79.01,5,month-to-month,electronic_check,1
49,72.42,1,two-year,electronic_check,0
47,48.3,0,month-to-month,electronic_check,0
18,23.8,1,month-to-month,credit_card,1
66,119.46,1,month-to-month,electronic_check,1
68,68.2,1,month-to-month,electronic_check,1
33,95.6,1,month-to-month,credit_card,1
36,65.23,4,one-year,electronic_check,1
19,24.32,1,two-year,bank_transfer,0
28,50.96,0,one-year,credit_card,0
40,52.01,3,month-to-month,bank_transfer,0
15,103.84,3,one-year,bank_transfer,1
41,85.42,2,two-year,bank_transfer,0
39,47.54,1,two-year,bank_transfer,0
2,116.77,0,month-to-month,electronic_check,1
63,52.15,0,month-to-month,bank_transfer,0
29,119.82,2,two-year,electronic_check,1
66,119.62,2,one-year,bank_transfer,1
51,39.12,2,month-to-month,bank_transfer,0
10,51.27,0,month-to-month,electronic_check,1
14,68.6,3,one-year,bank_transfer,1
51,86.41,2,month-to-month,bank_transfer,1
39,72.8,4,month-to-month,electronic_check,1
28,116.94,2,month-to-month,electronic_check,1
3,92.4,0,month-to-month,credit_card,0
70,41.2,2,month-to-month,credit_card,0
27,30.51,0,month-to-month,bank_transfer,0
2,88.84,1,month-to-month,credit_card,1
38,35.85,3,month-to-month,bank_transfer,1
3,98.77,3,month-to-month,credit_card,1
16,51.1,2,month-to-month,electronic_check,1
40,52.69,2,month-to-month,credit_card,0
2,21.08,3,month-to-month,bank_transfer,1
41,90.1,1,month-to-month,bank_transfer,1
12,31.33,2,month-to-month,bank_transfer,1
35,97.29,1,month-to-month,electronic_check,1
65,69.19,0,two-year,credit_card,0
55,98.43,1,month-to-month,electronic_check,1
45,78.39,2,two-year,electronic_check,0
62,28.24,1,month-to-month,bank_transfer,0
49,96.57,0,two-year,electronic_check,0
25,26.98,2,month-to-month,electronic_check,1
23,67.87,1,one-year,credit_card,0
24,37.23,0,month-to-month,credit_card,0
38,95.23,0,two-year,bank_transfer,0
28,111.16,2,month-to-month,credit_card,1
21,75.41,2,two-year,credit_card,0
54,72.71,0,one-year,bank_transfer,0
18,96.4,2,one-year,credit_card,1
36,20.51,1,two-year,electronic_check,0
45,111.78,2,two-year,credit_card,0
53,39.74,1,one-year,electronic_check,0
30,118.41,0,month-to-month,credit_card,1
60,93.63,0,month-to-month,credit_card,1
32,97.43,2,month-to-month,bank_transfer,1
67,85.62,2,month-to-month,bank_transfer,0
67,67.17,1,month-to-month,credit_card,1
28,77.16,0,one-year,credit_card,0
44,24.64,5,two-year,electronic_check,0
41,82.4,0,month-to-month,credit_card,0
63,82.61,1,one-year,electronic_check,1
23,109.12,3,month-to-month,credit_card,1
48,70.57,0,two-year,electronic_check,0
32,27.71,2,month-to-month,electronic_check,0
57,50.62,0,one-year,electronic_check,0
33,85.56,2,two-year,bank_transfer,1
24,43.93,3,month-to-month,credit_card,1
39,48.05,1,one-year,electronic_check,0
34,102.05,2,two-year,credit_card,1
56,78.43,1,month-to-month,credit_card,0
28,70.85,1,two-year,credit_card,0
37,51.85,1,two-year,bank_transfer,0
7,93.09,2,month-to-month,bank_transfer,1
68,48.77,1,month-to-month,electronic_check,0
37,93.71,0,one-year,electronic_check,1
56,27.01,1,two-year,credit_card,0
65,106.45,3,month-to-month,electronic_check,1
65,69.96,1,one-year,credit_card,0
47,63.85,1,month-to-month,electronic_check,0
20,81.1,2,two-year,electronic_check,1
19,82.42,4,one-year,electronic_check,1
29,33.2,2,month-to-month,credit_card,1
60,95.62,5,one-year,bank_transfer,1
18,47.59,3,two-year,electronic_check,1
35,110.5,0,month-to-month,bank_transfer,1
43,101.79,2,one-year,credit_card,1
11,54.63,1,month-to-month,bank_transfer,1
49,100.77,2,one-year,electronic_check,0
38,55.64,0,one-year,electronic_check,0
64,30.09,1,month-to-month,credit_card,0
69,116.19,2,one-year,bank_transfer,0
8,85.26,3,one-year,credit_card,1
34,65.61,1,two-year,bank_transfer,0
48,59.78,0,month-to-month,electronic_check,1
56,52.47,3,month-to-month,bank_transfer,0
65,118.14,2,two-year,bank_transfer,1
31,33.47,0,two-year,electronic_check,0
4,51.48,3,month-to-month,credit_card,1
50,68.55,4,two-year,bank_transfer,0
69,67.8,4,one-year,bank_transfer,0
30,67.14,3,two-year,electronic_check,1
59,37.58,1,month-to-month,electronic_check,0
67,34.49,1,month-to-month,bank_transfer,0
45,45.48,1,month-to-month,bank_transfer,0
4,111.45,2,two-year,electronic_check,1
26,31.31,0,month-to-month,electronic_check,1
27,95.74,1,two-year,bank_transfer,0
46,95.75,0,one-year,credit_card,0
64,100.98,3,month-to-month,electronic_check,1
51,108.66,2,month-to-month,bank_transfer,1
50,46.3,1,one-year,electronic_check,1
6,42.46,0,one-year,bank_transfer,0
59,66.55,1,month-to-month,bank_transfer,0
15,46.51,2,two-year,electronic_check,1
30,93.43,2,one-year,bank_transfer,1
42,83.59,3,two-year,electronic_check,0
37,107.5,0,one-year,electronic_check,1
42,28.27,1,month-to-month,bank_transfer,0
35,111.51,1,one-year,bank_transfer,1
6,49.33,1,two-year,credit_card,0
68,69.07,3,month-to-month,electronic_check,1
18,63.86,0,two-year,credit_card,0
29,96.03,2,month-to-month,electronic_check,1
59,62.03,3,two-year,electronic_check,0
47,114.36,0,two-year,bank_transfer,1
17,110.25,2,one-year,bank_transfer,1
22,107.22,2,month-to-month,credit_card,1
68,27.13,2,one-year,bank_transfer,0
69,105.43,0,two-year,electronic_check,1
37,98.16,2,month-to-month,credit_card,1
49,30.35,3,one-year,electronic_check,0
13,30.74,2,one-year,electronic_check,1
34,30.12,0,month-to-month,bank_transfer,0
53,21.13,1,month-to-month,credit_card,0
51,74.86,1,month-to-month,credit_card,1
3,117.34,1,month-to-month,bank_transfer,1
42,63.87,2,two-year,credit_card,0
32,74.08,1,two-year,bank_transfer,0
51,116.8,1,month-to-month,credit_card,1
46,45.52,2,two-year,electronic_check,1
21,105.85,1,month-to-month,electronic_check,1
44,74.64,2,month-to-month,electronic_check,1
11,76.95,2,month-to-month,credit_card,1
68,54.32,0,two-year,credit_card,0
1,76.16,3,two-year,bank_transfer,1
63,27.31,2,one-year,electronic_check,0
24,96.46,1,month-to-month,electronic_check,1
13,48.47,2,month-to-month,credit_card,1
11,108.76,1,one-year,electronic_check,1
51,56.79,0,month-to-month,credit_card,0
17,34.28,1,month-to-month,electronic_check,0
24,89.59,2,one-year,bank_transfer,1
19,36.46,3,month-to-month,bank_transfer,1
37,95.37,3,month-to-month,credit_card,1
8,116.81,0,month-to-month,bank_transfer,1
28,97.96,1,one-year,bank_transfer,1
5,22.24,0,two-year,bank_transfer,0
17,79.99,2,month-to-month,credit_card,1
36,89.54,3,month-to-month,bank_transfer,1
19,102.55,4,month-to-month,electronic_check,1
64,25.6,1,month-to-month,bank_transfer,0
11,68.01,2,one-year,bank_transfer,0
54,73.54,0,month-to-month,credit_card,1
45,36.91,0,month-to-month,electronic_check,0
47,52.24,1,one-year,electronic_check,0
12,64.02,2,month-to-month,credit_card,1
21,103.32,2,two-year,credit_card,1
11,112.94,0,month-to-month,bank_transfer,1
5,82.84,2,month-to-month,electronic_check,1
56,59.49,0,month-to-month,electronic_check,0
20,45.4,0,month-to-month,electronic_check,1
41,118.21,2,two-year,bank_transfer,1
46,118.3,3,one-year,electronic_check,1
12,112.5,3,month-to-month,credit_card,1
70,98.57,0,one-year,electronic_check,0
17,52.58,1,two-year,bank_transfer,1
19,101.7,0,month-to-month,bank_transfer,1
26,60.88,3,month-to-month,bank_transfer,1
48,52.68,3,month-to-month,bank_transfer,1
52,94.49,0,two-year,bank_transfer,1
70,27.97,2,month-to-month,credit_card,0
55,24.86,1,month-to-month,credit_card,0
33,64.8,0,month-to-month,electronic_check,1
62,64.56,2,one-year,electronic_check,0
23,109.56,4,two-year,credit_card,1
15,32.62,1,month-to-month,bank_transfer,0
27,32.33,2,month-to-month,credit_card,1
64,34.75,0,two-year,bank_transfer,0
51,22.97,4,month-to-month,electronic_check,1
53,27.17,2,month-to-month,bank_transfer,1
51,85.99,1,one-year,bank_transfer,0
47,63.16,1,one-year,bank_transfer,0
4,96.36,1,month-to-month,credit_card,1
7,119.26,1,month-to-month,bank_transfer,1
35,85.9,0,one-year,electronic_check,0
48,25.05,1,one-year,credit_card,0
45,30.46,2,two-year,bank_transfer,0
19,108.1,4,two-year,bank_transfer,1
63,72.75,4,month-to-month,bank_transfer,1
38,102.48,2,two-year,bank_transfer,1
67,105.66,1,month-to-month,bank_transfer,1
59,112.77,1,two-year,bank_transfer,1
69,114.98,2,one-year,credit_card,1
13,75.48,2,one-year,electronic_check,1
47,54.1,1,one-year,bank_transfer,0
61,116.19,0,month-to-month,bank_transfer,1
31,74.74,3,month-to-month,electronic_check,1
22,26.43,1,month-to-month,credit_card,0
43,84.28,1,two-year,electronic_check,0
67,78.77,1,month-to-month,electronic_check,0
54,109.58,0,month-to-month,bank_transfer,1
10,85.32,1,two-year,electronic_check,1
42,54.91,2,month-to-month,credit_card,0
64,116.62,4,two-year,bank_transfer,1
21,100.16,0,month-to-month,electronic_check,1
66,83.04,0,month-to-month,credit_card,1
41,49.29,1,month-to-month,electronic_check,1
24,57.35,0,two-year,bank_transfer,0
35,87.0,1,month-to-month,credit_card,0
56,27.2,1,month-to-month,bank_transfer,0
30,45.67,0,one-year,credit_card,0
57,91.39,1,two-year,credit_card,0
47,68.0,1,month-to-month,credit_card,1
35,60.24,5,one-year,electronic_check,1
19,35.15,2,one-year,bank_transfer,0
8,64.18,2,one-year,credit_card,1
26,97.07,0,month-to-month,credit_card,1
71,46.4,0,month-to-month,credit_card,0
30,20.54,0,month-to-month,credit_card,1
7,86.85,1,one-year,credit_card,1
67,117.26,0,month-to-month,electronic_check,1
65,80.68,1,one-year,electronic_check,1
36,31.99,0,month-to-month,electronic_check,0
25,52.07,2,month-to-month,electronic_check,1
37,106.76,2,one-year,electronic_check,1
1,43.26,1,two-year,electronic_check,1
15,80.77,3,one-year,electronic_check,1
37,60.27,1,month-to-month,credit_card,1
13,40.78,0,month-to-month,electronic_check,0
8,101.34,1,one-year,electronic_check,1
5,94.28,0,month-to-month,credit_card,1
60,86.16,2,one-year,credit_card,0
1,43.63,1,month-to-month,electronic_check,1
36,29.79,1,two-year,electronic_check,0
35,77.62,3,two-year,electronic_check,1
66,75.37,4,month-to-month,electronic_check,1
63,38.84,2,one-year,electronic_check,0
23,25.62,1,month-to-month,bank_transfer,0
9,28.07,0,month-to-month,credit_card,1
34,119.28,2,month-to-month,bank_transfer,1
46,98.36,2,one-year,bank_transfer,0
4,112.2,1,month-to-month,electronic_check,1
30,39.51,2,two-year,bank_transfer,0
3,116.06,0,month-to-month,bank_transfer,1
14,34.27,4,month-to-month,bank_transfer,1
60,70.91,2,month-to-month,credit_card,0
45,102.97,2,one-year,electronic_check,1
34,54.98,4,month-to-month,credit_card,1
45,62.48,2,month-to-month,credit_card,1
61,32.82,4,month-to-month,electronic_check,1
16,32.29,1,month-to-month,electronic_check,1
66,81.96,3,month-to-month,electronic_check,0
40,87.55,1,month-to-month,bank_transfer,0
17,97.73,1,month-to-month,electronic_check,1
34,75.67,0,month-to-month,electronic_check,1
16,84.58,0,month-to-month,credit_card,1
60,21.35,0,one-year,electronic_check,0
66,36.22,2,month-to-month,electronic_check,0
66,118.49,0,month-to-month,credit_card,0
13,27.6,2,one-year,credit_card,1
56,87.88,2,one-year,electronic_check,1
31,37.61,2,two-year,electronic_check,0
34,91.67,3,month-to-month,credit_card,1
39,90.6,2,two-year,credit_card,1
67,43.42,3,one-year,credit_card,0
8,46.96,1,two-year,electronic_check,1
55,85.48,1,two-year,credit_card,1
27,59.01,3,month-to-month,bank_transfer,1
53,39.45,3,month-to-month,credit_card,0
39,93.17,1,one-year,bank_transfer,1
65,35.41,0,month-to-month,bank_transfer,0
17,105.56,1,two-year,electronic_check,1
30,71.47,3,month-to-month,electronic_check,1
53,30.57,0,two-year,bank_transfer,0
13,89.41,0,month-to-month,electronic_check,0
21,71.92,2,month-to-month,bank_transfer,0
19,49.81,3,two-year,electronic_check,1
53,62.25,2,month-to-month,credit_card,1
19,49.83,0,month-to-month,electronic_check,0
57,46.3,2,month-to-month,credit_card,1
25,36.36,3,two-year,credit_card,0
31,56.28,1,one-year,electronic_check,1
55,45.1,2,two-year,electronic_check,0
23,88.34,2,month-to-month,credit_card,1
32,88.39,0,month-to-month,electronic_check,1
62,70.18,1,month-to-month,electronic_check,0
10,97.79,2,month-to-month,electronic_check,1
54,104.13,0,month-to-month,bank_transfer,1
52,77.98,2,one-year,electronic_check,1
20,81.89,2,month-to-month,credit_card,1
32,48.29,1,month-to-month,credit_card,1
14,109.49,1,month-to-month,credit_card,1
50,22.42,3,month-to-month,electronic_check,1
28,54.86,0,month-to-month,credit_card,0
53,92.18,1,month-to-month,bank_transfer,1
24,28.01,1,month-to-month,credit_card,0
22,38.32,1,two-year,bank_transfer,0
30,78.93,1,month-to-month,electronic_check,1
63,76.0,1,two-year,credit_card,0
4,93.89,2,month-to-month,bank_transfer,1
59,101.26,2,one-year,credit_card,1
8,32.86,4,month-to-month,electronic_check,1
12,21.84,2,one-year,credit_card,0
31,88.96,2,month-to-month,electronic_check,1
34,50.14,1,month-to-month,electronic_check,1
49,82.6,3,two-year,bank_transfer,1
57,35.05,0,one-year,bank_transfer,0
26,66.9,0,month-to-month,credit_card,1
18,70.44,1,month-to-month,bank_transfer,1
38,78.51,3,month-to-month,electronic_check,1
50,71.32,1,one-year,bank_transfer,0
8,69.57,1,one-year,electronic_check,1
41,53.27,0,month-to-month,bank_transfer,1
6,27.12,2,month-to-month,electronic_check,1
69,28.95,1,month-to-month,electronic_check,0
44,63.38,1,month-to-month,credit_card,0
64,55.58,1,month-to-month,electronic_check,0
29,71.61,3,one-year,bank_transfer,1
28,50.48,3,one-year,electronic_check,0
11,88.79,1,month-to-month,electronic_check,1
65,106.4,2,two-year,bank_transfer,0
19,49.89,3,month-to-month,bank_transfer,1
9,39.3,3,one-year,bank_transfer,1
27,31.62,1,two-year,credit_card,0
34,81.63,1,month-to-month,credit_card,1
44,64.39,4,month-to-month,credit_card,0
68,38.8,4,month-to-month,bank_transfer,1
15,85.31,2,two-year,bank_transfer,1
51,34.85,1,month-to-month,bank_transfer,0
13,75.43,4,one-year,credit_card,1
49,72.71,1,month-to-month,bank_transfer,1
70,93.42,2,month-to-month,electronic_check,1
56,25.51,2,month-to-month,electronic_check,1
51,108.79,1,month-to-month,electronic_check,1
37,90.3,2,two-year,electronic_check,1
17,41.61,2,two-year,electronic_check,1
58,38.34,2,month-to-month,bank_transfer,0
29,63.17,1,month-to-month,electronic_check,1
33,101.76,1,month-to-month,bank_transfer,1
60,104.29,0,one-year,credit_card,1
55,72.05,2,month-to-month,electronic_check,1
10,106.08,3,one-year,electronic_check,1
47,20.54,4,month-to-month,electronic_check,0
23,23.52,0,one-year,bank_transfer,0
21,111.18,1,two-year,bank_transfer,1
13,97.53,1,month-to-month,bank_transfer,1
33,65.07,1,two-year,electronic_check,0
24,95.36,1,one-year,bank_transfer,1
11,115.56,2,one-year,credit_card,1
17,97.21,3,month-to-month,electronic_check,1
68,104.24,5,month-to-month,credit_card,0
47,96.06,4,two-year,bank_transfer,1
25,36.82,3,one-year,electronic_check,1
21,103.36,2,one-year,bank_transfer,1
12,39.51,1,one-year,electronic_check,1
37,109.26,1,month-to-month,electronic_check,1
42,65.86,1,two-year,electronic_check,0
17,87.7,2,month-to-month,electronic_check,1
48,69.72,0,two-year,electronic_check,0
28,29.4,2,month-to-month,credit_card,0
41,49.07,2,month-to-month,credit_card,1
47,118.37,2,month-to-month,bank_transfer,1
18,116.07,0,two-year,bank_transfer,1
71,52.05,0,two-year,credit_card,1
13,119.63,2,two-year,electronic_check,1
13,104.56,0,month-to-month,electronic_check,1
31,81.1,0,month-to-month,bank_transfer,1
2,24.01,1,one-year,bank_transfer,1
16,110.14,1,month-to-month,electronic_check,1
9,75.74,0,one-year,bank_transfer,1
38,106.85,0,one-year,electronic_check,0
54,103.44,3,month-to-month,bank_transfer,1
56,103.3,0,one-year,bank_transfer,1
45,89.82,2,two-year,credit_card,1
34,49.14,1,two-year,credit_card,0
9,53.62,0,one-year,bank_transfer,0
8,50.85,3,one-year,electronic_check,1
7,22.0,2,month-to-month,bank_transfer,1
36,78.26,3,month-to-month,electronic_check,1
18,89.88,3,month-to-month,credit_card,1
3,105.39,2,month-to-month,credit_card,1
28,34.02,1,month-to-month,bank_transfer,0
70,74.42,3,month-to-month,credit_card,1
44,20.8,2,two-year,bank_transfer,1
21,29.51,2,one-year,electronic_check,0
28,25.42,1,month-to-month,credit_card,0
54,92.55,3,month-to-month,bank_transfer,1
54,28.11,0,month-to-month,credit_card,0
65,91.65,1,month-to-month,electronic_check,1
21,44.96,1,month-to-month,credit_card,0
13,107.77,0,two-year,bank_transfer,1
57,101.31,1,one-year,credit_card,0
49,115.78,1,one-year,electronic_check,1
54,108.38,3,month-to-month,bank_transfer,1
10,113.33,1,month-to-month,credit_card,1
53,105.87,2,month-to-month,bank_transfer,1
44,89.34,2,one-year,electronic_check,1
47,37.03,1,one-year,bank_transfer,0
53,47.17,2,month-to-month,credit_card,1
46,41.27,1,two-year,credit_card,0
13,80.36,0,month-to-month,bank_transfer,1
37,70.36,0,month-to-month,credit_card,1
24,106.71,3,one-year,bank_transfer,1
2,115.27,2,month-to-month,credit_card,1
14,60.49,1,one-year,bank_transfer,0
10,70.64,4,month-to-month,electronic_check,1
35,117.15,0,month-to-month,electronic_check,1
25,47.62,2,month-to-month,electronic_check,1
3,99.24,2,month-to-month,bank_transfer,1
17,42.52,2,month-to-month,credit_card,1
12,88.15,2,one-year,credit_card,1
54,45.36,0,month-to-month,credit_card,1
24,108.37,0,month-to-month,electronic_check,1
29,76.15,0,one-year,bank_transfer,1
43,38.59,1,two-year,bank_transfer,0
25,42.44,2,one-year,electronic_check,0
60,69.38,0,two-year,bank_transfer,0
65,116.16,0,one-year,electronic_check,0
28,96.96,1,month-to-month,electronic_check,1
16,68.83,1,one-year,electronic_check,0
47,53.77,2,month-to-month,credit_card,1
58,74.93,0,month-to-month,bank_transfer,0
27,94.84,1,month-to-month,credit_card,1
53,98.39,0,month-to-month,bank_transfer,1
42,52.46,1,one-year,electronic_check,0
59,92.12,1,one-year,electronic_check,1
47,85.78,2,month-to-month,electronic_check,1
34,115.91,1,two-year,electronic_check,1
37,113.11,2,one-year,credit_card,1
6,98.94,1,month-to-month,bank_transfer,1
7,92.34,2,two-year,electronic_check,1
25,47.4,1,month-to-month,electronic_check,1
33,104.6,2,one-year,bank_transfer,1
55,62.75,2,month-to-month,bank_transfer,0
58,47.22,1,one-year,bank_transfer,0
7,58.42,0,two-year,electronic_check,1
57,103.59,0,month-to-month,bank_transfer,1
12,34.86,2,month-to-month,electronic_check,1
16,65.62,2,month-to-month,credit_card,1
43,69.24,1,month-to-month,electronic_check,1
7,23.66,1,one-year,electronic_check,0
51,39.57,0,month-to-month,bank_transfer,0
32,102.67,1,month-to-month,electronic_check,1
8,103.08,2,one-year,bank_transfer,1
45,49.24,0,month-to-month,electronic_check,0
59,107.49,1,two-year,electronic_check,0
4,97.18,2,month-to-month,credit_card,1
67,61.79,2,month-to-month,electronic_check,0
29,94.84,4,month-to-month,electronic_check,1
29,116.13,1,two-year,electronic_check,1
28,65.9,1,month-to-month,credit_card,1
44,43.84,0,month-to-month,bank_transfer,0
4,114.18,2,month-to-month,credit_card,1
9,80.37,1,one-year,credit_card,1
5,30.53,1,month-to-month,credit_card,0
56,77.27,0,one-year,bank_transfer,0
50,70.06,1,month-to-month,credit_card,0
15,105.56,0,month-to-month,bank_transfer,1
32,73.07,1,month-to-month,credit_card,1
28,45.52,0,month-to-month,credit_card,1
22,87.56,2,two-year,bank_transfer,1
17,74.26,0,month-to-month,electronic_check,1
59,43.3,3,one-year,bank_transfer,0
71,77.36,3,month-to-month,bank_transfer,0
57,102.15,1,two-year,bank_transfer,0
26,22.86,0,month-to-month,credit_card,0
25,83.09,1,two-year,bank_transfer,0
10,54.96,0,month-to-month,electronic_check,1
45,49.27,2,one-year,bank_transfer,1
11,59.26,1,month-to-month,credit_card,1
53,54.2,0,month-to-month,credit_card,1
68,103.22,1,month-to-month,bank_transfer,1
28,47.48,1,two-year,electronic_check,1
65,93.32,3,month-to-month,electronic_check,1
49,29.41,3,one-year,electronic_check,0
47,115.14,0,month-to-month,electronic_check,0
52,82.23,0,two-year,credit_card,0
54,90.67,0,one-year,electronic_check,1
60,49.8,2,month-to-month,electronic_check,1
57,61.21,1,month-to-month,credit_card,0
47,42.38,0,month-to-month,bank_transfer,0
31,113.25,2,month-to-month,electronic_check,1
46,68.81,3,month-to-month,bank_transfer,1
26,83.04,1,two-year,electronic_check,0
5,93.43,1,two-year,bank_transfer,1
52,57.11,1,month-to-month,credit_card,0
54,92.01,0,month-to-month,credit_card,1
33,87.6,2,month-to-month,electronic_check,1
50,90.57,3,month-to-month,electronic_check,1
38,68.92,2,month-to-month,bank_transfer,0
27,58.29,2,one-year,electronic_check,1
15,42.21,3,two-year,bank_transfer,1
61,102.46,0,month-to-month,electronic_check,1
21,80.84,1,month-to-month,bank_transfer,1
46,64.44,4,month-to-month,credit_card,1
69,114.4,1,two-year,credit_card,0
6,24.78,2,month-to-month,credit_card,1
38,105.02,2,one-year,electronic_check,1
62,119.76,1,two-year,bank_transfer,1
62,108.69,1,month-to-month,bank_transfer,1
46,101.04,1,one-year,credit_card,1
13,57.43,0,month-to-month,credit_card,0
3,43.13,1,two-year,credit_card,1
6,93.49,1,month-to-month,credit_card,1
8,50.46,2,two-year,bank_transfer,1
44,37.6,1,two-year,credit_card,0
33,98.65,3,one-year,credit_card,1
50,51.25,3,month-to-month,bank_transfer,1
11,111.44,2,one-year,credit_card,1
28,104.06,0,month-to-month,credit_card,1
70,104.76,1,month-to-month,bank_transfer,1
41,97.16,0,month-to-month,electronic_check,1
16,108.09,1,one-year,electronic_check,1
68,100.57,4,two-year,electronic_check,1
48,80.25,1,two-year,bank_transfer,0
56,49.58,0,one-year,bank_transfer,0
64,108.82,2,one-year,bank_transfer,1
59,104.06,1,two-year,bank_transfer,1
62,67.29,0,two-year,credit_card,0
11,23.91,1,month-to-month,electronic_check,1
18,83.85,3,month-to-month,credit_card,0
19,25.06,2,month-to-month,electronic_check,1
55,112.63,2,one-year,bank_transfer,1
26,116.16,1,one-year,bank_transfer,1
6,38.95,2,two-year,credit_card,0
4,87.64,3,two-year,bank_transfer,1
29,29.23,1,month-to-month,electronic_check,1
59,92.95,2,month-to-month,electronic_check,1
17,54.73,0,month-to-month,electronic_check,0
43,88.11,0,month-to-month,bank_transfer,1
66,57.29,0,month-to-month,bank_transfer,1
34,34.56,0,two-year,bank_transfer,0
8,60.61,0,month-to-month,credit_card,1
13,31.27,1,one-year,credit_card,0
8,77.69,2,month-to-month,bank_transfer,1
65,24.1,2,month-to-month,electronic_check,0
43,72.73,0,two-year,credit_card,0
39,108.64,0,one-year,bank_transfer,1
59,103.79,1,month-to-month,bank_transfer,1
44,108.28,1,two-year,bank_transfer,1
9,112.2,1,month-to-month,bank_transfer,1
37,30.45,1,one-year,credit_card,1
36,32.87,1,month-to-month,credit_card,1
28,75.7,2,one-year,credit_card,0
42,109.4,0,month-to-month,credit_card,1
43,117.43,1,one-year,credit_card,1
42,24.63,1,one-year,electronic_check,0
66,55.58,1,month-to-month,credit_card,0
55,41.29,0,two-year,electronic_check,0
48,95.6,3,month-to-month,credit_card,1
22,84.02,2,two-year,electronic_check,1
27,31.99,0,month-to-month,electronic_check,0
67,68.35,2,one-year,electronic_check,0
13,88.54,1,one-year,bank_transfer,0
45,97.9,1,month-to-month,bank_transfer,1
10,22.01,0,month-to-month,electronic_check,0
9,109.05,1,month-to-month,credit_card,1
54,76.93,3,two-year,credit_card,0
27,101.19,0,two-year,credit_card,1
34,100.79,2,month-to-month,credit_card,1
1,38.99,1,month-to-month,credit_card,1
32,31.02,1,one-year,credit_card,0
71,92.13,2,month-to-month,bank_transfer,0
67,35.64,2,two-year,bank_transfer,0
20,104.99,4,month-to-month,credit_card,1
35,92.62,3,month-to-month,electronic_check,1
17,104.18,2,one-year,electronic_check,1
18,49.9,1,month-to-month,credit_card,1
45,51.66,0,one-year,electronic_check,0
53,87.12,0,month-to-month,bank_transfer,0
68,23.14,1,month-to-month,electronic_check,0
65,92.65,3,one-year,credit_card,0
1,103.58,2,month-to-month,credit_card,1
58,61.52,1,month-to-month,electronic_check,1
26,96.49,0,two-year,electronic_check,1
20,37.46,0,two-year,electronic_check,1
10,52.23,3,two-year,bank_transfer,1
59,117.43,1,two-year,bank_transfer,1
41,118.63,0,month-to-month,bank_transfer,1
5,71.26,2,month-to-month,electronic_check,1
65,113.43,0,month-to-month,bank_transfer,1
17,72.27,0,two-year,electronic_check,1
22,49.16,1,one-year,bank_transfer,0
41,46.69,2,one-year,electronic_check,1
68,112.95,2,two-year,bank_transfer,1
69,37.24,2,one-year,electronic_check,0
11,77.96,1,month-to-month,electronic_check,0
56,75.55,1,month-to-month,electronic_check,1
51,93.96,0,month-to-month,bank_transfer,0
21,69.92,0,month-to-month,bank_transfer,1
26,47.23,0,month-to-month,credit_card,0
19,36.94,2,one-year,electronic_check,1
60,82.08,4,month-to-month,electronic_check,1
71,91.9,1,one-year,electronic_check,0
47,76.95,2,month-to-month,electronic_check,0
71,93.84,1,two-year,electronic_check,0
26,34.15,0,one-year,electronic_check,0
40,108.25,2,two-year,bank_transfer,1
5,78.24,1,month-to-month,bank_transfer,1
21,32.68,1,month-to-month,credit_card,1
4,66.19,0,month-to-month,electronic_check,1
23,104.48,0,month-to-month,bank_transfer,1
15,109.76,2,month-to-month,credit_card,1
8,46.46,2,month-to-month,electronic_check,1
41,91.13,0,month-to-month,credit_card,1
19,30.0,5,two-year,credit_card,1
46,23.35,2,month-to-month,credit_card,1
28,76.04,3,two-year,bank_transfer,1
68,89.48,1,month-to-month,bank_transfer,0
15,99.58,0,month-to-month,credit_card,1
37,54.02,1,month-to-month,electronic_check,1
1,20.65,2,two-year,credit_card,0
67,67.95,0,one-year,bank_transfer,0
24,21.59,1,one-year,credit_card,0
27,29.2,2,month-to-month,electronic_check,1
40,52.67,1,month-to-month,electronic_check,0
63,63.72,1,month-to-month,bank_transfer,0
61,47.95,3,month-to-month,bank_transfer,1
36,78.19,3,two-year,electronic_check,0
24,25.53,1,two-year,bank_transfer,0
24,34.46,4,month-to-month,electronic_check,1
4,89.53,1,one-year,bank_transfer,1
67,34.21,0,one-year,bank_transfer,0
34,83.98,1,month-to-month,electronic_check,1
57,25.47,3,month-to-month,bank_transfer,1
49,60.74,5,month-to-month,electronic_check,0
53,37.74,3,one-year,bank_transfer,0
23,30.96,3,month-to-month,electronic_check,1
69,76.7,0,two-year,credit_card,0
53,112.83,3,month-to-month,electronic_check,1
62,25.48,0,month-to-month,bank_transfer,0
41,62.16,1,month-to-month,bank_transfer,0
57,90.75,1,one-year,electronic_check,0
60,66.27,3,one-year,electronic_check,0
54,100.65,2,one-year,electronic_check,1
70,37.96,1,month-to-month,electronic_check,0
57,115.96,2,month-to-month,bank_transfer,1
10,58.52,0,month-to-month,bank_transfer,0
40,54.16,2,month-to-month,electronic_check,0
7,107.46,2,one-year,bank_transfer,1
38,76.39,1,month-to-month,credit_card,1
61,71.64,3,month-to-month,credit_card,1
3,92.7,2,month-to-month,electronic_check,1
51,77.98,1,month-to-month,electronic_check,1
47,36.25,1,one-year,bank_transfer,1
68,87.42,0,two-year,electronic_check,0
38,33.35,1,two-year,electronic_check,0
36,100.59,1,one-year,electronic_check,0
41,118.97,1,month-to-month,electronic_check,1
69,57.74,0,one-year,bank_transfer,0
13,64.48,0,month-to-month,bank_transfer,1
58,24.64,1,one-year,electronic_check,0
50,21.37,0,one-year,bank_transfer,0
30,112.14,2,one-year,bank_transfer,1
62,32.86,0,month-to-month,bank_transfer,0
25,64.58,1,two-year,credit_card,1
27,101.54,1,one-year,credit_card,1
51,108.93,1,one-year,bank_transfer,0
57,71.94,0,month-to-month,credit_card,1
47,76.5,1,month-to-month,electronic_check,1
39,86.97,1,month-to-month,bank_transfer,1
16,116.14,3,month-to-month,bank_transfer,1
22,80.27,4,one-year,bank_transfer,1
54,75.95,2,two-year,electronic_check,1
21,21.45,1,month-to-month,electronic_check,1
16,28.09,2,one-year,electronic_check,0
59,77.72,1,month-to-month,bank_transfer,1
31,113.62,5,month-to-month,credit_card,1
42,106.67,0,two-year,electronic_check,1
32,118.26,0,one-year,credit_card,1
59,72.78,0,month-to-month,electronic_check,0
34,98.79,6,month-to-month,credit_card,1
9,104.04,0,month-to-month,credit_card,1
11,84.8,1,month-to-month,electronic_check,1
10,53.87,2,month-to-month,electronic_check,1
17,67.0,0,month-to-month,electronic_check,1
68,105.79,2,one-year,credit_card,1
48,49.85,0,month-to-month,bank_transfer,0
52,112.37,2,month-to-month,bank_transfer,1
25,42.98,1,one-year,electronic_check,1
21,94.95,2,two-year,credit_card,1
65,83.06,1,two-year,electronic_check,0
63,94.96,0,two-year,electronic_check,1
51,63.73,2,month-to-month,electronic_check,1
36,113.26,1,month-to-month,bank_transfer,1
66,83.25,2,two-year,electronic_check,0
15,48.83,0,two-year,bank_transfer,0
39,83.85,1,one-year,electronic_check,1
70,48.68,2,month-to-month,bank_transfer,0
1,49.36,2,month-to-month,bank_transfer,1
23,59.96,4,two-year,electronic_check,1
39,105.24,0,month-to-month,electronic_check,0
57,70.03,4,one-year,credit_card,0
34,87.89,3,two-year,electronic_check,1
41,59.2,1,one-year,electronic_check,0
13,46.36,1,month-to-month,bank_transfer,0
70,115.46,1,month-to-month,electronic_check,1
6,80.36,5,month-to-month,bank_transfer,1
52,113.4,2,one-year,electronic_check,1
3,40.34,2,month-to-month,electronic_check,1
63,34.69,2,month-to-month,credit_card,0
49,105.58,2,month-to-month,electronic_check,1
47,88.09,1,month-to-month,electronic_check,1
55,38.66,2,two-year,credit_card,0
64,46.94,5,two-year,electronic_check,0
65,100.07,0,month-to-month,bank_transfer,1
67,65.39,2,two-year,credit_card,0
15,87.05,1,one-year,bank_transfer,1
32,51.84,0,one-year,electronic_check,0
68,58.12,0,one-year,bank_transfer,0
18,119.07,2,one-year,electronic_check,1
43,44.76,1,month-to-month,electronic_check,0
35,70.65,1,one-year,credit_card,0
58,104.44,2,two-year,electronic_check,0
33,43.92,0,month-to-month,electronic_check,0
14,61.52,0,month-to-month,electronic_check,1
34,81.51,5,month-to-month,credit_card,1
61,68.12,1,month-to-month,electronic_check,0
4,65.95,3,month-to-month,electronic_check,1
59,56.25,2,one-year,bank_transfer,0
29,78.66,1,month-to-month,bank_transfer,1
6,82.44,0,month-to-month,bank_transfer,1
49,85.33,3,two-year,credit_card,1
40,27.04,2,one-year,electronic_check,0
65,83.1,2,month-to-month,electronic_check,0
69,115.32,1,month-to-month,electronic_check,1
27,74.1,0,one-year,bank_transfer,0
6,91.53,1,one-year,electronic_check,1
13,75.67,3,month-to-month,credit_card,1
64,105.47,0,two-year,credit_card,0
62,112.96,3,one-year,electronic_check,0
19,38.42,1,two-year,credit_card,0
43,63.69,2,month-to-month,electronic_check,1
20,59.24,1,month-to-month,bank_transfer,0
68,60.52,1,month-to-month,credit_card,0
44,32.55,4,month-to-month,bank_transfer,0
23,101.36,4,month-to-month,credit_card,1
2,23.58,2,month-to-month,bank_transfer,1
22,72.82,0,one-year,credit_card,0
57,86.19,0,month-to-month,credit_card,1
7,40.75,0,month-to-month,electronic_check,0
56,110.59,0,two-year,credit_card,1
67,103.85,1,month-to-month,credit_card,1
16,67.11,0,month-to-month,bank_transfer,0
51,61.11,4,one-year,bank_transfer,1
12,43.66,0,two-year,credit_card,0
53,93.0,3,two-year,credit_card,1
5,33.17,0,month-to-month,electronic_check,1
27,88.02,1,two-year,bank_transfer,0
12,104.25,4,month-to-month,credit_card,1
17,42.85,3,one-year,electronic_check,0
6,106.64,2,month-to-month,credit_card,1
5,23.33,1,one-year,bank_transfer,0
57,111.28,2,month-to-month,electronic_check,1
28,31.84,0,one-year,electronic_check,0
69,84.58,2,one-year,credit_card,0
59,45.01,0,month-to-month,electronic_check,1
33,103.66,1,month-to-month,electronic_check,1
62,71.23,1,one-year,bank_transfer,0
50,33.52,1,month-to-month,bank_transfer,0
19,77.1,0,month-to-month,electronic_check,1
69,60.79,2,one-year,bank_transfer,0
66,86.14,1,two-year,bank_transfer,0
47,108.19,1,month-to-month,electronic_check,1
39,60.94,1,month-to-month,bank_transfer,1
68,48.99,2,month-to-month,bank_transfer,1
33,21.45,0,month-to-month,electronic_check,0
13,77.48,0,month-to-month,credit_card,1
54,60.23,4,one-year,bank_transfer,0
7,57.46,1,one-year,electronic_check,1
14,38.29,0,month-to-month,electronic_check,0
19,63.01,5,one-year,bank_transfer,1
54,118.44,4,month-to-month,electronic_check,1
20,49.78,2,month-to-month,electronic_check,1
29,79.97,0,month-to-month,electronic_check,1
24,97.65,1,month-to-month,bank_transfer,1
63,94.92,1,month-to-month,electronic_check,0
57,52.88,0,one-year,credit_card,0
8,81.09,2,one-year,bank_transfer,1
62,107.13,2,two-year,credit_card,1
29,21.54,1,month-to-month,bank_transfer,0
17,63.57,0,month-to-month,bank_transfer,1
66,42.43,2,two-year,credit_card,0
6,58.86,0,month-to-month,bank_transfer,1
58,61.6,2,one-year,electronic_check,0
69,94.67,0,two-year,bank_transfer,0
28,29.38,0,one-year,credit_card,0
62,71.26,1,month-to-month,bank_transfer,0
41,76.42,1,two-year,electronic_check,0
69,69.42,0,one-year,electronic_check,0
41,93.19,0,one-year,bank_transfer,0
49,58.38,1,one-year,electronic_check,0
49,114.5,2,month-to-month,credit_card,1
71,68.18,4,month-to-month,bank_transfer,1
3,77.12,0,two-year,electronic_check,1
10,102.55,2,month-to-month,electronic_check,1
35,47.52,0,month-to-month,electronic_check,1
2,27.52,2,month-to-month,electronic_check,1
24,90.78,2,month-to-month,credit_card,1
38,68.3,1,one-year,credit_card,0
22,109.65,2,two-year,credit_card,1
26,118.27,0,month-to-month,credit_card,1
43,59.91,1,one-year,bank_transfer,0
55,61.54,3,one-year,credit_card,0
39,60.8,0,one-year,credit_card,0
29,52.46,1,month-to-month,credit_card,1
20,98.17,5,one-year,credit_card,1
41,95.9,2,two-year,bank_transfer,1
54,67.86,2,month-to-month,electronic_check,1
20,24.47,2,one-year,bank_transfer,0
19,50.96,1,two-year,bank_transfer,1
66,49.23,5,one-year,bank_transfer,0
30,101.11,4,one-year,credit_card,1
53,28.76,1,two-year,credit_card,0
34,100.57,2,month-to-month,bank_transfer,1
22,86.92,0,one-year,electronic_check,0
67,93.24,2,month-to-month,electronic_check,1
6,63.22,1,month-to-month,electronic_check,1
27,87.97,0,month-to-month,electronic_check,1
10,80.9,4,month-to-month,bank_transfer,1
48,96.9,3,month-to-month,electronic_check,1
70,64.68,2,month-to-month,electronic_check,0
59,67.28,3,month-to-month,bank_transfer,1
59,84.36,1,month-to-month,credit_card,0
2,30.81,2,two-year,electronic_check,1
29,63.62,2,month-to-month,credit_card,1
68,117.2,4,month-to-month,electronic_check,1
65,23.76,4,one-year,electronic_check,0
26,51.6,1,month-to-month,bank_transfer,1
10,51.41,1,two-year,credit_card,1
53,83.35,4,two-year,bank_transfer,0
59,30.58,2,month-to-month,bank_transfer,0
22,82.85,0,two-year,credit_card,0
51,29.5,1,one-year,credit_card,0
48,29.5,4,month-to-month,electronic_check,1
21,92.82,2,one-year,credit_card,1
22,52.41,2,one-year,credit_card,1
30,117.74,2,one-year,credit_card,1
25,23.74,0,one-year,credit_card,0
28,64.51,4,month-to-month,bank_transfer,1
65,31.31,1,two-year,electronic_check,0
45,55.14,0,two-year,bank_transfer,0
68,119.82,0,one-year,bank_transfer,0
7,108.88,0,month-to-month,credit_card,1
49,24.83,2,one-year,credit_card,0
9,76.33,1,one-year,credit_card,1
36,84.78,3,two-year,credit_card,1
1,40.95,2,two-year,electronic_check,1
10,34.51,0,two-year,credit_card,0
36,110.44,2,month-to-month,electronic_check,1
46,116.88,0,two-year,electronic_check,1
32,119.19,1,month-to-month,bank_transfer,1
32,98.98,0,month-to-month,bank_transfer,1
6,86.35,3,month-to-month,credit_card,1
48,54.57,1,two-year,bank_transfer,0
38,37.14,4,two-year,credit_card,0
17,27.9,1,month-to-month,electronic_check,1
27,89.33,0,month-to-month,credit_card,0
54,98.47,2,two-year,credit_card,1
50,102.65,3,one-year,credit_card,1
35,111.38,0,month-to-month,electronic_check,1
25,107.99,2,month-to-month,credit_card,1
28,119.97,3,one-year,bank_transfer,1
15,44.41,0,two-year,credit_card,1
4,96.33,2,month-to-month,bank_transfer,1
27,78.65,1,month-to-month,electronic_check,1
26,46.12,3,month-to-month,electronic_check,1
19,118.19,1,month-to-month,electronic_check,1
17,109.79,1,one-year,credit_card,1
43,32.85,0,two-year,bank_transfer,0
41,22.62,2,one-year,credit_card,0
42,88.83,0,two-year,bank_transfer,0
50,80.41,2,two-year,credit_card,0
40,113.58,1,month-to-month,electronic_check,1
39,43.4,3,month-to-month,electronic_check,1
23,28.44,0,one-year,credit_card,0
52,45.92,0,month-to-month,credit_card,0
47,21.89,1,one-year,bank_transfer,0
63,23.59,1,month-to-month,electronic_check,0
69,111.49,1,one-year,electronic_check,0
43,55.2,0,one-year,bank_transfer,0
48,61.08,1,month-to-month,bank_transfer,1
34,21.84,2,one-year,bank_transfer,0
40,47.05,1,month-to-month,bank_transfer,0
61,100.47,2,month-to-month,bank_transfer,1
50,81.55,1,one-year,electronic_check,0
67,95.38,0,month-to-month,bank_transfer,0
62,64.72,0,two-year,credit_card,0
58,50.97,3,month-to-month,electronic_check,0
33,68.28,0,one-year,electronic_check,0
16,52.31,4,one-year,electronic_check,1
48,103.9,0,month-to-month,credit_card,1
10,49.77,0,month-to-month,bank_transfer,0
38,85.98,4,one-year,bank_transfer,1
19,33.7,3,month-to-month,bank_transfer,1
36,88.69,3,month-to-month,credit_card,1
59,111.33,0,one-year,bank_transfer,0
63,80.86,1,month-to-month,electronic_check,1
46,75.99,1,one-year,bank_transfer,0
3,116.11,2,two-year,credit_card,1
65,82.74,0,month-to-month,bank_transfer,0
8,45.96,2,month-to-month,electronic_check,1
51,49.24,0,month-to-month,credit_card,0
6,90.53,2,one-year,credit_card,1
39,93.54,2,month-to-month,credit_card,1
60,50.35,1,month-to-month,electronic_check,0
28,54.53,0,month-to-month,electronic_check,0
54,119.11,0,month-to-month,bank_transfer,1
37,30.2,2,one-year,credit_card,0
9,60.46,0,month-to-month,credit_card,1
56,26.24,0,month-to-month,credit_card,1
59,102.11,1,month-to-month,credit_card,1
2,29.23,1,month-to-month,credit_card,0
61,87.4,1,month-to-month,electronic_check,0
58,25.65,1,month-to-month,electronic_check,0
60,87.29,3,month-to-month,electronic_check,1
40,104.3,1,one-year,electronic_check,1
36,59.88,0,month-to-month,electronic_check,0
37,72.21,3,one-year,credit_card,1
18,60.15,1,month-to-month,electronic_check,1
63,50.05,1,one-year,credit_card,0
22,100.33,2,month-to-month,credit_card,1
11,47.2,2,two-year,electronic_check,1
58,92.29,2,one-year,electronic_check,1
57,40.62,0,month-to-month,electronic_check,0
4,44.99,0,month-to-month,electronic_check,1
7,53.65,2,one-year,bank_transfer,0
61,78.92,0,two-year,bank_transfer,0
54,65.44,1,month-to-month,bank_transfer,0
68,94.51,1,month-to-month,electronic_check,1
1,41.36,3,month-to-month,bank_transfer,1
55,21.07,1,month-to-month,bank_transfer,0
3,97.66,0,month-to-month,electronic_check,1
38,102.16,3,month-to-month,electronic_check,1
1,25.95,1,month-to-month,credit_card,1
38,81.09,0,month-to-month,electronic_check,1
29,57.82,2,one-year,credit_card,0
5,99.39,1,one-year,electronic_check,1
21,107.44,0,month-to-month,electronic_check,1
71,105.1,1,two-year,bank_transfer,0
67,97.72,3,month-to-month,credit_card,1
47,46.91,1,month-to-month,credit_card,1
35,101.19,3,one-year,electronic_check,1
68,73.35,0,one-year,credit_card,0
69,25.28,0,two-year,bank_transfer,0
1,65.69,2,month-to-month,electronic_check,1
68,114.22,0,month-to-month,electronic_check,1
12,108.79,2,one-year,bank_transfer,1
60,30.23,1,month-to-month,bank_transfer,0
27,94.41,1,month-to-month,electronic_check,1
56,100.58,2,one-year,credit_card,1
23,47.14,1,month-to-month,credit_card,0
25,67.16,2,month-to-month,credit_card,1
21,91.1,0,month-to-month,bank_transfer,1
61,63.9,1,month-to-month,bank_transfer,0
63,31.28,1,month-to-month,electronic_check,0
52,90.59,3,month-to-month,bank_transfer,1
25,111.16,0,month-to-month,credit_card,1
55,85.25,1,two-year,bank_transfer,0
46,97.38,2,month-to-month,electronic_check,1
32,55.84,1,two-year,electronic_check,0
55,38.32,0,month-to-month,credit_card,0
5,84.28,3,month-to-month,electronic_check,1
36,52.78,1,month-to-month,credit_card,0
49,106.01,2,month-to-month,bank_transfer,1
58,32.26,3,month-to-month,bank_transfer,0
39,63.35,0,month-to-month,credit_card,0
61,59.67,0,one-year,electronic_check,1
9,113.81,0,month-to-month,bank_transfer,1
6,35.31,4,one-year,electronic_check,1
35,20.98,3,one-year,bank_transfer,0
39,43.81,2,month-to-month,electronic_check,1
22,102.03,0,two-year,electronic_check,1
41,40.93,2,one-year,credit_card,0
5,44.09,1,two-year,bank_transfer,1
42,32.99,2,month-to-month,electronic_check,0
67,91.54,1,two-year,bank_transfer,0
30,26.92,2,two-year,bank_transfer,1
57,53.12,2,one-year,bank_transfer,0
29,48.25,1,month-to-month,credit_card,1
37,75.52,0,two-year,credit_card,0
13,93.04,3,two-year,electronic_check,0
32,73.29,3,one-year,bank_transfer,1
46,113.1,3,month-to-month,electronic_check,1
23,115.14,1,two-year,electronic_check,0
45,56.15,3,month-to-month,credit_card,1
17,97.77,4,month-to-month,bank_transfer,1
66,93.88,0,two-year,credit_card,1
6,109.3,2,two-year,electronic_check,1
18,64.79,1,two-year,electronic_check,1
22,73.05,4,one-year,electronic_check,1
33,61.58,2,month-to-month,electronic_check,1
30,105.04,0,two-year,credit_card,1
32,42.97,3,month-to-month,bank_transfer,1
42,43.97,0,one-year,bank_transfer,0
10,57.26,1,one-year,bank_transfer,0
36,43.03,3,month-to-month,credit_card,1
34,76.1,0,month-to-month,credit_card,1
28,33.45,3,month-to-month,bank_transfer,1
11,52.02,2,month-to-month,credit_card,1
39,111.34,1,month-to-month,bank_transfer,1
47,60.92,2,month-to-month,credit_card,0
19,94.82,3,one-year,credit_card,1
15,31.35,0,one-year,electronic_check,0
28,44.76,3,month-to-month,bank_transfer,1
24,100.73,4,one-year,credit_card,1
9,96.3,1,month-to-month,bank_transfer,1
47,58.62,0,month-to-month,credit_card,0
33,115.44,1,month-to-month,electronic_check,1
62,111.06,2,one-year,bank_transfer,1
19,116.23,3,month-to-month,credit_card,1
67,62.79,2,month-to-month,bank_transfer,0
40,39.75,2,month-to-month,bank_transfer,1
47,82.67,2,two-year,electronic_check,0
65,88.48,0,two-year,electronic_check,0
29,32.54,0,month-to-month,bank_transfer,0
50,98.65,1,month-to-month,credit_card,1
13,21.81,0,two-year,credit_card,0
1,68.27,2,month-to-month,bank_transfer,1
34,53.1,2,month-to-month,credit_card,0
48,94.03,4,month-to-month,credit_card,1
48,51.28,3,two-year,credit_card,0
49,102.68,4,one-year,credit_card,1
64,79.5,0,month-to-month,bank_transfer,0
61,99.39,1,month-to-month,bank_transfer,1
29,118.93,3,two-year,electronic_check,1
39,87.92,2,month-to-month,credit_card,1
26,118.5,0,one-year,electronic_check,1
17,22.88,1,month-to-month,electronic_check,1
71,53.81,1,one-year,bank_transfer,0
13,30.79,0,month-to-month,credit_card,1
69,46.23,2,one-year,credit_card,0
26,103.89,2,month-to-month,electronic_check,1
49,23.23,0,month-to-month,credit_card,0
67,72.02,0,month-to-month,credit_card,0
7,76.71,1,two-year,bank_transfer,1
58,76.12,0,month-to-month,bank_transfer,0
49,67.53,1,month-to-month,bank_transfer,0
53,99.06,2,one-year,electronic_check,1
65,33.35,1,one-year,credit_card,0
62,51.06,2,one-year,credit_card,0
17,81.57,2,month-to-month,credit_card,1
43,89.1,1,month-to-month,bank_transfer,1
25,60.41,1,one-year,credit_card,0
3,107.54,2,month-to-month,electronic_check,1
29,61.55,1,two-year,electronic_check,1
32,60.28,2,month-to-month,electronic_check,1
26,23.62,2,month-to-month,credit_card,1
16,75.11,1,month-to-month,credit_card,0
25,90.87,2,month-to-month,bank_transfer,1
54,31.44,1,month-to-month,bank_transfer,0
28,50.54,3,month-to-month,electronic_check,1
56,98.13,1,two-year,electronic_check,1
65,56.59,0,month-to-month,electronic_check,1
41,44.16,3,month-to-month,bank_transfer,1
51,87.22,1,month-to-month,credit_card,1
71,39.68,2,one-year,credit_card,0
29,109.57,2,month-to-month,electronic_check,1
19,30.56,2,month-to-month,electronic_check,1
66,90.65,1,one-year,credit_card,0
41,69.95,3,month-to-month,electronic_check,1
45,106.99,0,one-year,electronic_check,1
15,32.62,1,one-year,electronic_check,1
3,87.79,1,two-year,bank_transfer,1
11,77.21,3,month-to-month,electronic_check,1
53,68.01,1,month-to-month,electronic_check,1
46,69.14,1,month-to-month,bank_transfer,0
30,92.2,3,month-to-month,electronic_check,1
57,113.77,2,month-to-month,electronic_check,1
18,29.13,3,one-year,credit_card,0
51,21.95,1,month-to-month,credit_card,0
48,100.57,1,month-to-month,electronic_check,0
66,30.82,0,month-to-month,electronic_check,0
8,118.67,1,one-year,electronic_check,1
22,81.93,2,month-to-month,bank_transfer,1
6,85.09,1,month-to-month,credit_card,1
57,39.89,3,two-year,electronic_check,0
36,44.03,1,one-year,bank_transfer,0
57,85.94,1,month-to-month,electronic_check,1
49,110.97,1,month-to-month,bank_transfer,1
45,118.24,1,month-to-month,electronic_check,1
66,39.8,0,one-year,credit_card,0
45,33.41,3,two-year,bank_transfer,0
20,25.64,0,month-to-month,electronic_check,0
64,106.83,1,two-year,credit_card,0
67,49.47,3,month-to-month,electronic_check,0
3,20.18,2,one-year,electronic_check,0
54,42.38,0,month-to-month,credit_card,0
64,54.04,1,month-to-month,electronic_check,0
40,119.1,0,two-year,credit_card,1
59,72.35,3,month-to-month,bank_transfer,0
55,40.47,2,two-year,credit_card,0
62,53.48,3,month-to-month,credit_card,1
4,53.03,2,month-to-month,electronic_check,1
60,21.97,3,one-year,credit_card,0
30,33.52,1,month-to-month,electronic_check,1
2,89.52,0,month-to-month,bank_transfer,1
62,32.03,2,month-to-month,bank_transfer,0
49,43.07,3,two-year,credit_card,0
9,55.07,3,one-year,credit_card,1
31,95.77,1,month-to-month,credit_card,1
61,78.24,1,month-to-month,credit_card,0
48,88.9,1,month-to-month,credit_card,1
25,76.7,0,month-to-month,bank_transfer,0
36,88.36,2,two-year,credit_card,0
8,20.28,2,one-year,credit_card,0
58,113.09,3,month-to-month,credit_card,1
45,31.09,1,month-to-month,credit_card,0
62,60.62,1,two-year,electronic_check,0
39,97.1,0,month-to-month,electronic_check,1
58,63.52,3,two-year,credit_card,0
64,114.68,0,month-to-month,electronic_check,0
44,66.76,2,one-year,bank_transfer,0
29,107.49,1,one-year,credit_card,0
59,101.08,1,one-year,electronic_check,0
71,118.1,0,one-year,credit_card,1
9,112.65,0,month-to-month,credit_card,1
6,109.81,1,month-to-month,electronic_check,1
29,93.16,1,two-year,credit_card,1
58,56.7,0,month-to-month,electronic_check,0
17,30.61,0,two-year,credit_card,0
16,88.86,3,one-year,bank_transfer,1
3,117.87,0,month-to-month,credit_card,1
21,92.66,0,two-year,electronic_check,1
64,112.87,3,one-year,bank_transfer,1
36,100.43,1,month-to-month,credit_card,1
62,36.31,0,month-to-month,electronic_check,0
42,44.92,2,two-year,credit_card,0
42,54.19,3,one-year,credit_card,0
61,36.83,2,one-year,bank_transfer,0
13,78.17,1,one-year,credit_card,1
11,117.55,1,month-to-month,bank_transfer,1
54,96.15,2,two-year,bank_transfer,1
16,62.34,1,month-to-month,electronic_check,1
8,20.45,1,month-to-month,bank_transfer,0
59,51.33,0,month-to-month,bank_transfer,1
57,72.68,1,month-to-month,bank_transfer,1
40,52.43,0,month-to-month,electronic_check,1
59,31.1,0,month-to-month,electronic_check,0
2,64.28,1,month-to-month,credit_card,1
10,45.33,3,month-to-month,electronic_check,1
44,110.92,1,one-year,bank_transfer,1
11,30.18,1,month-to-month,electronic_check,1
2,24.92,2,month-to-month,bank_transfer,1
50,20.53,1,one-year,credit_card,0
12,52.81,2,month-to-month,credit_card,0
23,86.04,3,month-to-month,electronic_check,1
18,93.04,2,two-year,electronic_check,1
62,65.33,0,month-to-month,credit_card,0
62,88.43,1,month-to-month,credit_card,0
38,55.99,0,one-year,electronic_check,0
67,86.78,2,one-year,credit_card,0
38,24.06,0,two-year,electronic_check,0
67,59.08,3,month-to-month,bank_transfer,1
61,99.08,2,one-year,electronic_check,1
1,100.3,0,one-year,credit_card,0
45,91.61,1,month-to-month,credit_card,0
28,40.42,1,month-to-month,electronic_check,1
21,44.72,1,one-year,bank_transfer,1
13,119.61,0,month-to-month,electronic_check,1
27,30.34,3,month-to-month,electronic_check,1
7,38.07,2,month-to-month,bank_transfer,1
22,33.0,3,month-to-month,bank_transfer,1
53,52.77,1,month-to-month,electronic_check,1
4,41.02,0,month-to-month,bank_transfer,1
23,69.77,1,month-to-month,bank_transfer,1
70,67.6,1,two-year,bank_transfer,0
33,110.15,2,month-to-month,electronic_check,1
28,23.47,3,month-to-month,electronic_check,1
8,51.99,0,two-year,electronic_check,1
1,79.67,1,two-year,electronic_check,1
37,80.48,2,month-to-month,bank_transfer,1
63,68.01,2,month-to-month,credit_card,1
22,101.57,2,one-year,electronic_check,1
70,26.27,2,two-year,bank_transfer,0
21,101.55,1,month-to-month,electronic_check,1
35,69.48,2,month-to-month,electronic_check,1
5,33.38,4,two-year,bank_transfer,1
60,108.57,1,month-to-month,credit_card,1
46,84.92,2,one-year,credit_card,1
50,36.35,2,one-year,credit_card,1
48,23.36,1,month-to-month,electronic_check,0
6,34.11,0,month-to-month,bank_transfer,1
56,80.88,2,one-year,credit_card,0
59,37.93,0,one-year,bank_transfer,0
29,42.58,1,two-year,credit_card,0
71,22.51,3,one-year,electronic_check,0
18,92.29,2,month-to-month,credit_card,1
2,101.04,1,one-year,electronic_check,1
8,99.68,4,month-to-month,bank_transfer,1
54,32.76,1,one-year,bank_transfer,0
38,110.33,1,month-to-month,electronic_check,1
48,87.23,3,one-year,credit_card,1
27,109.75,1,one-year,electronic_check,1
20,64.72,1,one-year,electronic_check,1
12,63.7,2,two-year,credit_card,1
43,98.45,1,month-to-month,electronic_check,1
61,29.33,1,month-to-month,electronic_check,0
31,72.09,0,month-to-month,credit_card,1
61,103.64,6,two-year,credit_card,1
67,103.02,1,month-to-month,credit_card,0
35,115.61,1,month-to-month,credit_card,1
15,89.83,1,two-year,credit_card,1
16,40.78,2,two-year,credit_card,0
13,22.03,0,two-year,bank_transfer,0
35,67.94,1,month-to-month,electronic_check,1
59,71.37,2,two-year,credit_card,0
21,44.03,1,month-to-month,electronic_check,1
54,32.47,2,one-year,electronic_check,0
30,78.62,0,month-to-month,credit_card,1
48,96.43,2,one-year,credit_card,1
35,119.32,0,month-to-month,bank_transfer,1
38,95.83,1,month-to-month,electronic_check,0
31,99.36,2,one-year,bank_transfer,1
24,81.65,3,month-to-month,electronic_check,1
49,118.59,2,month-to-month,electronic_check,1
32,84.0,2,month-to-month,bank_transfer,1
55,106.03,3,one-year,electronic_check,1
58,114.58,6,month-to-month,electronic_check,1
3,112.99,1,one-year,credit_card,1
69,58.14,2,one-year,credit_card,0
10,27.87,2,one-year,electronic_check,1
25,37.19,1,month-to-month,bank_transfer,0
68,25.92,0,one-year,electronic_check,0
61,30.54,2,month-to-month,credit_card,0
29,38.47,3,month-to-month,electronic_check,1
19,54.11,2,one-year,credit_card,1
43,74.35,1,two-year,credit_card,0
66,91.17,2,month-to-month,bank_transfer,0
61,41.09,3,month-to-month,electronic_check,0
43,87.25,0,two-year,credit_card,0
25,90.43,2,two-year,electronic_check,1
20,75.86,4,month-to-month,electronic_check,1
48,110.36,0,month-to-month,electronic_check,0
24,31.1,0,month-to-month,bank_transfer,0
11,37.71,1,one-year,electronic_check,0
55,62.87,1,month-to-month,credit_card,0
28,32.67,1,one-year,electronic_check,0
69,76.63,2,two-year,credit_card,0
63,59.84,3,two-year,electronic_check,0
59,48.46,2,two-year,electronic_check,0
5,37.0,1,month-to-month,electronic_check,1
51,53.53,4,month-to-month,credit_card,1
21,80.8,2,one-year,electronic_check,1
12,77.58,1,month-to-month,credit_card,1
50,36.36,0,month-to-month,electronic_check,0
4,32.49,6,month-to-month,credit_card,1
42,22.67,1,two-year,electronic_check,0
38,21.24,1,two-year,electronic_check,0
25,107.98,3,month-to-month,bank_transfer,1
14,24.51,2,month-to-month,electronic_check,1
32,93.12,1,one-year,bank_transfer,1
11,107.2,2,two-year,electronic_check,1
61,29.81,0,month-to-month,credit_card,0
18,63.63,4,two-year,bank_transfer,1
27,116.23,2,one-year,electronic_check,1
55,103.41,3,two-year,credit_card,1
54,68.97,1,one-year,electronic_check,0
21,96.26,0,two-year,bank_transfer,1
44,103.34,1,two-year,bank_transfer,1
5,54.8,1,month-to-month,credit_card,1
41,109.22,1,month-to-month,electronic_check,1
59,67.05,1,two-year,bank_transfer,0
54,72.78,2,month-to-month,electronic_check,1
22,119.97,2,month-to-month,bank_transfer,1
65,104.33,3,two-year,bank_transfer,1
64,56.18,1,two-year,electronic_check,0
71,21.03,2,month-to-month,bank_transfer,0
4,82.62,2,month-to-month,bank_transfer,1
65,90.39,1,month-to-month,bank_transfer,1
15,85.08,2,month-to-month,electronic_check,0
22,116.79,3,two-year,electronic_check,1
47,106.3,1,one-year,electronic_check,1
46,64.88,0,two-year,electronic_check,0
14,26.29,3,month-to-month,electronic_check,1
50,67.61,0,month-to-month,bank_transfer,0
20,88.92,3,two-year,bank_transfer,1
50,80.77,1,month-to-month,electronic_check,1
33,73.81,2,month-to-month,credit_card,0
59,66.88,3,two-year,credit_card,0
43,49.38,1,two-year,electronic_check,0
12,47.73,2,month-to-month,electronic_check,1
40,70.02,0,one-year,bank_transfer,1
20,36.06,3,month-to-month,electronic_check,1
38,54.07,1,two-year,credit_card,0
3,52.4,6,two-year,electronic_check,1
28,78.71,4,month-to-month,electronic_check,1
56,26.67,1,month-to-month,electronic_check,1
13,102.97,1,two-year,electronic_check,1
66,76.24,4,month-to-month,electronic_check,1
37,87.08,1,two-year,electronic_check,1
49,90.31,1,two-year,electronic_check,0
66,49.15,0,two-year,bank_transfer,0
36,67.04,3,one-year,electronic_check,1
54,115.62,0,month-to-month,credit_card,1
26,96.67,3,month-to-month,electronic_check,1
40,116.96,2,one-year,electronic_check,1
43,94.63,1,month-to-month,electronic_check,1
22,37.56,0,one-year,credit_card,1
20,26.45,1,month-to-month,bank_transfer,1
8,77.77,2,month-to-month,electronic_check,1
29,55.78,2,month-to-month,electronic_check,1
40,47.55,1,two-year,credit_card,1
30,100.72,1,month-to-month,credit_card,1
55,56.7,1,month-to-month,electronic_check,0
16,51.7,0,month-to-month,bank_transfer,1
46,105.0,1,month-to-month,bank_transfer,1
62,104.63,4,two-year,electronic_check,1
7,55.64,2,one-year,credit_card,1
45,103.25,2,month-to-month,credit_card,1
59,105.08,2,month-to-month,bank_transfer,1
56,62.39,2,two-year,credit_card,1
48,26.65,1,one-year,bank_transfer,0
27,20.16,4,month-to-month,electronic_check,1
53,72.33,0,month-to-month,electronic_check,1
35,54.41,4,month-to-month,bank_transfer,1
51,119.71,0,month-to-month,electronic_check,1
37,97.24,1,two-year,bank_transfer,0
57,96.13,0,month-to-month,electronic_check,0
8,115.52,2,two-year,electronic_check,1
20,108.77,1,month-to-month,credit_card,1
53,51.82,1,month-to-month,credit_card,0
12,36.6,2,two-year,bank_transfer,0
49,94.59,0,month-to-month,bank_transfer,1
17,57.83,1,one-year,credit_card,1
64,67.32,1,two-year,bank_transfer,0
42,83.04,2,two-year,electronic_check,1
29,110.79,0,month-to-month,bank_transfer,1
19,61.91,2,month-to-month,bank_transfer,1
11,98.33,1,month-to-month,electronic_check,1
50,46.83,2,month-to-month,electronic_check,0
71,89.8,1,month-to-month,credit_card,0
58,20.16,0,month-to-month,electronic_check,0
34,107.15,3,month-to-month,electronic_check,1
20,23.04,1,month-to-month,electronic_check,1
50,91.28,3,two-year,electronic_check,1
10,24.63,0,one-year,credit_card,0
32,46.62,1,month-to-month,bank_transfer,0
52,69.72,1,two-year,credit_card,1
15,61.99,1,month-to-month,bank_transfer,1
3,39.18,0,month-to-month,bank_transfer,1
37,53.38,2,month-to-month,bank_transfer,1
40,92.77,0,two-year,electronic_check,1
40,86.93,0,month-to-month,bank_transfer,0
56,27.18,1,month-to-month,bank_transfer,0
23,94.73,1,two-year,credit_card,0
11,25.3,0,month-to-month,credit_card,1
64,74.29,1,two-year,electronic_check,0
8,46.01,3,month-to-month,electronic_check,1
56,78.77,1,two-year,bank_transfer,0
60,46.13,2,one-year,electronic_check,0
10,118.5,3,two-year,electronic_check,1
39,50.97,3,two-year,electronic_check,1
28,44.2,0,two-year,electronic_check,1
49,47.85,2,month-to-month,bank_transfer,1
36,109.65,1,two-year,bank_transfer,1
13,83.62,1,one-year,credit_card,1
36,93.07,1,month-to-month,electronic_check,1
26,111.8,3,two-year,electronic_check,1
4,111.19,0,month-to-month,bank_transfer,1
64,93.89,0,month-to-month,electronic_check,1
38,39.78,0,month-to-month,credit_card,0
22,104.34,0,one-year,electronic_check,1
2,40.38,0,one-year,credit_card,1
31,94.29,5,one-year,bank_transfer,1
11,88.56,0,month-to-month,credit_card,1
46,95.89,0,one-year,bank_transfer,0
62,73.27,4,two-year,credit_card,1
69,83.87,1,month-to-month,bank_transfer,0
64,115.33,3,one-year,bank_transfer,0
10,30.11,1,month-to-month,bank_transfer,0
40,50.88,1,month-to-month,credit_card,0
24,81.14,0,one-year,credit_card,0
44,116.41,2,month-to-month,electronic_check,1
60,29.56,2,one-year,electronic_check,0
62,22.25,0,one-year,electronic_check,0
17,25.57,3,month-to-month,electronic_check,0
65,25.24,2,month-to-month,credit_card,0
57,110.78,2,two-year,electronic_check,1
55,92.13,2,month-to-month,bank_transfer,1
53,87.71,2,one-year,bank_transfer,0
56,72.26,3,two-year,credit_card,1
9,98.2,2,two-year,bank_transfer,1
22,35.56,3,one-year,electronic_check,1
13,59.19,2,month-to-month,credit_card,1
48,69.0,3,month-to-month,electronic_check,1
18,31.04,3,month-to-month,credit_card,1
40,61.95,0,one-year,electronic_check,0
17,51.65,0,month-to-month,electronic_check,0
15,23.56,1,two-year,credit_card,0
15,33.67,3,one-year,credit_card,1
63,96.4,2,month-to-month,electronic_check,0
39,21.8,1,month-to-month,bank_transfer,0
13,113.43,0,one-year,bank_transfer,1
32,28.64,3,month-to-month,electronic_check,0
9,99.92,3,one-year,credit_card,1
40,109.86,2,two-year,credit_card,1
20,114.11,0,two-year,credit_card,1
63,106.75,1,one-year,bank_transfer,0
44,48.76,1,two-year,bank_transfer,0
38,53.31,0,one-year,bank_transfer,0
60,62.65,2,month-to-month,electronic_check,0
71,33.93,2,one-year,bank_transfer,0
48,22.23,0,month-to-month,credit_card,0
18,106.91,1,month-to-month,electronic_check,1
16,75.41,0,one-year,electronic_check,1
55,80.87,3,two-year,bank_transfer,0
39,112.7,1,one-year,electronic_check,1
68,86.51,0,month-to-month,credit_card,0
59,89.09,3,month-to-month,electronic_check,1
62,98.7,0,month-to-month,credit_card,0
13,31.63,0,month-to-month,electronic_check,1
6,56.02,1,two-year,electronic_check,0
60,116.82,2,month-to-month,credit_card,1
14,112.29,0,month-to-month,bank_transfer,1
54,108.41,1,one-year,electronic_check,1
4,65.21,0,month-to-month,electronic_check,1
39,105.72,1,one-year,electronic_check,1
25,24.84,1,one-year,electronic_check,0
32,34.85,3,one-year,bank_transfer,1
59,61.4,4,month-to-month,bank_transfer,1
63,68.34,3,month-to-month,electronic_check,1
38,46.35,1,month-to-month,electronic_check,1
53,55.65,4,one-year,bank_transfer,0
67,36.28,1,month-to-month,electronic_check,0
28,68.91,2,month-to-month,bank_transfer,1
3,99.38,1,two-year,bank_transfer,1
22,86.14,0,month-to-month,electronic_check,1
38,30.78,1,two-year,electronic_check,0
62,68.76,0,two-year,electronic_check,0
57,89.76,1,two-year,bank_transfer,1
6,72.99,1,two-year,bank_transfer,0
32,59.17,2,month-to-month,bank_transfer,0
10,82.19,1,one-year,credit_card,1
3,116.86,3,one-year,bank_transfer,1
59,29.49,2,month-to-month,credit_card,0
49,59.0,0,month-to-month,electronic_check,0
59,60.66,4,month-to-month,electronic_check,1
31,77.7,1,month-to-month,electronic_check,0
69,35.22,2,one-year,bank_transfer,0
62,37.66,0,two-year,electronic_check,0
52,48.54,1,two-year,bank_transfer,0
41,115.59,2,month-to-month,bank_transfer,1
31,93.41,2,month-to-month,electronic_check,1
22,86.17,1,one-year,bank_transfer,1
4,101.7,2,month-to-month,electronic_check,1
13,32.76,2,two-year,bank_transfer,0
45,105.93,0,one-year,credit_card,1
42,79.48,5,one-year,credit_card,1
49,53.53,1,month-to-month,electronic_check,1
20,101.59,1,month-to-month,electronic_check,1
54,100.26,3,month-to-month,bank_transfer,1
36,104.57,0,month-to-month,electronic_check,1
1,31.55,2,two-year,credit_card,1
15,116.94,3,month-to-month,electronic_check,1
17,115.96,2,month-to-month,credit_card,1
24,55.75,2,one-year,credit_card,1
58,26.59,1,month-to-month,electronic_check,1
23,36.71,2,two-year,electronic_check,0
46,119.28,1,month-to-month,credit_card,1
8,76.3,3,two-year,electronic_check,1
59,55.66,1,two-year,bank_transfer,0
59,48.82,0,two-year,electronic_check,0
13,45.7,1,month-to-month,electronic_check,0
39,86.42,1,month-to-month,electronic_check,1
28,61.94,1,two-year,electronic_check,1
61,116.54,0,two-year,bank_transfer,0
16,88.38,0,one-year,credit_card,0
2,99.2,1,month-to-month,electronic_check,1
17,49.27,0,month-to-month,bank_transfer,0
30,27.92,0,two-year,bank_transfer,0
13,68.78,4,month-to-month,electronic_check,1
13,51.46,2,month-to-month,bank_transfer,1
43,40.21,2,month-to-month,credit_card,1
21,115.26,4,one-year,electronic_check,1
55,64.4,1,month-to-month,credit_card,1
40,37.47,0,month-to-month,credit_card,0
15,39.87,1,month-to-month,electronic_check,0
52,48.07,2,month-to-month,bank_transfer,1
53,119.93,0,one-year,electronic_check,1
52,46.8,3,month-to-month,bank_transfer,1
30,52.88,1,month-to-month,bank_transfer,0
33,85.93,3,one-year,electronic_check,1
57,49.4,2,month-to-month,credit_card,1
52,41.58,2,month-to-month,bank_transfer,1
9,35.86,2,two-year,credit_card,1
54,51.27,1,two-year,electronic_check,0
1,30.59,1,month-to-month,credit_card,1
44,21.86,2,month-to-month,bank_transfer,0
9,100.46,1,month-to-month,credit_card,1
32,33.79,1,two-year,bank_transfer,0
15,97.6,2,one-year,electronic_check,1
12,99.75,0,month-to-month,electronic_check,1
57,73.79,1,two-year,credit_card,1
8,50.97,2,month-to-month,bank_transfer,1
27,34.5,0,month-to-month,credit_card,1
62,93.68,0,month-to-month,electronic_check,1
12,80.14,1,month-to-month,bank_transfer,1
65,85.55,2,two-year,bank_transfer,0
42,20.87,0,one-year,bank_transfer,0
62,112.75,2,month-to-month,credit_card,1
11,26.63,1,month-to-month,electronic_check,0
43,56.68,1,one-year,bank_transfer,1
17,60.27,2,month-to-month,bank_transfer,1
32,20.14,1,month-to-month,electronic_check,0
40,69.71,0,one-year,bank_transfer,0
23,95.28,1,month-to-month,bank_transfer,1
56,102.33,0,month-to-month,electronic_check,1
6,107.94,2,month-to-month,electronic_check,1
50,68.77,1,month-to-month,credit_card,1
37,83.06,1,one-year,electronic_check,1
64,27.95,3,month-to-month,electronic_check,1
54,68.8,2,one-year,bank_transfer,1
49,35.48,1,month-to-month,electronic_check,0
11,56.96,3,one-year,bank_transfer,1
49,52.93,1,month-to-month,electronic_check,0
21,62.35,0,one-year,credit_card,0
66,77.16,2,one-year,electronic_check,0
63,110.29,1,one-year,electronic_check,1
28,59.45,1,one-year,bank_transfer,1
17,118.11,0,month-to-month,electronic_check,1
6,95.9,0,two-year,credit_card,1
19,71.15,2,two-year,bank_transfer,1
56,84.4,1,one-year,credit_card,0
28,30.22,2,two-year,electronic_check,0
66,104.45,1,month-to-month,credit_card,1
38,78.24,2,month-to-month,bank_transfer,1
37,118.61,1,one-year,electronic_check,1
68,83.64,1,two-year,electronic_check,1
49,103.41,2,month-to-month,credit_card,1
43,99.98,3,one-year,credit_card,1
36,54.55,2,two-year,electronic_check,0
58,45.96,1,two-year,credit_card,0
13,63.05,4,month-to-month,credit_card,1
52,66.72,0,month-to-month,electronic_check,1
58,44.01,1,month-to-month,bank_transfer,1
32,109.46,2,one-year,electronic_check,0
60,74.25,2,two-year,credit_card,0
58,117.84,0,one-year,bank_transfer,0
56,101.0,3,two-year,bank_transfer,1
28,75.57,2,one-year,credit_card,1
1,114.7,0,one-year,electronic_check,0
42,70.49,0,month-to-month,credit_card,0
48,108.71,0,month-to-month,electronic_check,1
40,55.81,1,month-to-month,credit_card,0
63,57.86,2,month-to-month,bank_transfer,1
4,61.81,2,month-to-month,bank_transfer,1
38,74.66,3,month-to-month,bank_transfer,1
27,75.35,0,month-to-month,credit_card,0
9,69.64,2,month-to-month,electronic_check,1
16,50.6,2,month-to-month,electronic_check,1
56,112.72,0,one-year,electronic_check,1
31,78.86,0,one-year,credit_card,0
14,60.77,4,one-year,bank_transfer,1
25,85.12,0,one-year,bank_transfer,0
34,96.8,2,one-year,credit_card,1
67,116.07,2,two-year,credit_card,0
24,69.95,1,month-to-month,electronic_check,1
26,31.21,1,month-to-month,bank_transfer,1
20,64.08,3,month-to-month,electronic_check,1
64,67.9,0,one-year,credit_card,0
10,109.7,1,month-to-month,credit_card,0
67,59.48,2,month-to-month,credit_card,0
24,115.33,4,month-to-month,credit_card,1
5,68.51,0,one-year,bank_transfer,1
67,117.38,0,one-year,bank_transfer,1
58,20.82,2,month-to-month,electronic_check,0
27,109.88,1,month-to-month,electronic_check,1
15,113.11,1,two-year,credit_card,1
35,116.1,1,one-year,bank_transfer,1
53,21.31,0,month-to-month,credit_card,0
44,37.17,0,two-year,credit_card,0
26,85.38,2,month-to-month,credit_card,0
47,22.55,2,month-to-month,bank_transfer,1
34,26.36,4,month-to-month,electronic_check,1
50,42.11,1,two-year,electronic_check,0
12,71.24,1,month-to-month,bank_transfer,1
4,74.59,2,month-to-month,electronic_check,1
48,23.43,2,two-year,electronic_check,1
55,37.04,2,one-year,bank_transfer,0
1,69.97,0,one-year,credit_card,0
66,79.39,2,month-to-month,credit_card,0
30,34.84,1,month-to-month,electronic_check,1
3,59.88,2,two-year,credit_card,1
21,110.44,3,one-year,bank_transfer,1
49,119.89,2,two-year,credit_card,1
62,118.72,1,two-year,electronic_check,1
38,108.17,0,one-year,credit_card,0
15,59.47,2,month-to-month,credit_card,1
52,88.66,1,month-to-month,bank_transfer,1
46,61.66,2,month-to-month,electronic_check,0
25,84.85,2,month-to-month,credit_card,1
21,50.94,3,two-year,credit_card,1
5,80.62,1,month-to-month,credit_card,1
70,72.38,2,two-year,electronic_check,0
47,22.45,4,two-year,bank_transfer,0
68,99.07,2,two-year,electronic_check,0
18,21.19,0,two-year,credit_card,0
21,49.32,1,one-year,credit_card,0
23,20.59,0,two-year,electronic_check,1
64,57.62,0,one-year,credit_card,0
67,26.32,2,one-year,bank_transfer,0
40,111.35,3,one-year,electronic_check,1
10,61.57,0,one-year,electronic_check,1
52,65.95,3,month-to-month,electronic_check,1
61,54.99,1,month-to-month,bank_transfer,1
64,82.75,2,month-to-month,electronic_check,0
5,98.44,0,month-to-month,bank_transfer,1
53,84.81,2,month-to-month,credit_card,1
55,94.82,0,two-year,bank_transfer,0
37,110.6,0,one-year,electronic_check,1
56,106.35,4,month-to-month,bank_transfer,1
59,87.41,0,two-year,electronic_check,0
69,41.46,1,two-year,credit_card,0
59,83.77,0,two-year,bank_transfer,0
2,70.61,1,one-year,electronic_check,1
65,91.72,1,month-to-month,bank_transfer,0
60,103.29,1,month-to-month,credit_card,1
51,94.27,2,one-year,electronic_check,0
30,104.66,2,month-to-month,bank_transfer,1
11,26.39,2,month-to-month,credit_card,0
39,23.16,2,two-year,electronic_check,0
63,45.85,2,one-year,electronic_check,1
64,110.07,5,month-to-month,bank_transfer,1
61,102.37,4,month-to-month,credit_card,1
54,88.27,1,month-to-month,credit_card,1
58,90.08,1,month-to-month,electronic_check,1
56,92.67,3,one-year,electronic_check,1
34,114.26,0,month-to-month,bank_transfer,1
31,103.22,3,two-year,credit_card,1
52,82.34,1,two-year,bank_transfer,0
1,86.57,0,one-year,electronic_check,1
55,41.37,0,one-year,electronic_check,1
22,85.73,0,month-to-month,credit_card,1
40,62.47,1,one-year,bank_transfer,1
1,35.3,3,one-year,electronic_check,0
65,100.64,1,one-year,electronic_check,0
63,71.02,0,month-to-month,credit_card,0
54,117.74,1,month-to-month,credit_card,1
42,48.17,3,month-to-month,electronic_check,1
21,68.07,1,one-year,electronic_check,0
22,64.8,1,one-year,electronic_check,0
38,32.08,2,one-year,electronic_check,1
8,62.61,3,one-year,bank_transfer,1
62,48.76,4,month-to-month,electronic_check,1
47,36.03,2,two-year,credit_card,0
17,48.22,2,month-to-month,bank_transfer,1
17,43.33,1,month-to-month,credit_card,0
13,93.41,3,one-year,credit_card,1
17,23.08,1,month-to-month,electronic_check,1
38,81.75,2,month-to-month,electronic_check,1
45,96.07,5,one-year,credit_card,1
6,68.07,1,two-year,credit_card,1
35,113.16,7,month-to-month,bank_transfer,1
14,90.79,2,month-to-month,electronic_check,0
61,94.79,1,month-to-month,credit_card,0
15,39.69,0,two-year,electronic_check,0
54,97.73,2,month-to-month,electronic_check,1
27,103.21,3,month-to-month,credit_card,1
13,56.13,3,month-to-month,credit_card,1
31,41.34,3,month-to-month,bank_transfer,1
35,58.51,1,month-to-month,electronic_check,1
60,93.96,1,month-to-month,bank_transfer,0
6,61.76,1,month-to-month,bank_transfer,0
69,93.67,2,month-to-month,credit_card,1
58,31.36,1,two-year,bank_transfer,0
49,100.6,2,two-year,credit_card,0
23,45.32,1,month-to-month,electronic_check,1
34,44.89,2,one-year,electronic_check,1
26,79.04,3,one-year,electronic_check,1
47,27.01,1,month-to-month,bank_transfer,0
5,22.63,3,month-to-month,credit_card,0
20,46.1,1,one-year,credit_card,0
6,73.81,3,month-to-month,electronic_check,1
70,110.76,5,one-year,credit_card,1
59,104.64,2,month-to-month,electronic_check,1
64,69.04,3,month-to-month,electronic_check,1
18,23.71,1,two-year,bank_transfer,0
4,73.53,2,one-year,electronic_check,1
17,90.48,0,two-year,bank_transfer,0
14,53.92,2,one-year,bank_transfer,0
13,31.11,0,month-to-month,electronic_check,1
7,47.86,1,one-year,electronic_check,0
44,97.16,3,one-year,bank_transfer,1
15,55.12,1,one-year,electronic_check,0
19,101.2,1,month-to-month,electronic_check,1
63,51.95,3,month-to-month,credit_card,0
35,36.36,4,two-year,electronic_check,0
35,63.58,0,two-year,bank_transfer,1
19,65.23,0,month-to-month,bank_transfer,0
20,21.61,2,month-to-month,credit_card,1
35,31.7,1,two-year,credit_card,0
32,38.49,0,month-to-month,electronic_check,1
48,31.36,0,month-to-month,electronic_check,1
44,54.15,2,one-year,bank_transfer,0
24,116.46,3,one-year,credit_card,1
61,70.92,2,month-to-month,electronic_check,1
17,82.76,4,one-year,bank_transfer,1
71,55.64,2,one-year,credit_card,0
50,52.35,1,one-year,credit_card,0
65,22.31,1,month-to-month,bank_transfer,0
32,70.03,1,month-to-month,electronic_check,1
36,68.36,1,month-to-month,electronic_check,1
13,35.78,1,month-to-month,electronic_check,1
70,96.43,2,month-to-month,electronic_check,1
58,69.27,1,month-to-month,credit_card,0
14,53.9,4,month-to-month,electronic_check,1
37,34.69,0,month-to-month,electronic_check,0
68,75.22,4,month-to-month,electronic_check,1
40,95.28,1,month-to-month,bank_transfer,1
59,48.2,2,one-year,bank_transfer,0
16,41.88,1,month-to-month,bank_transfer,1
62,72.19,5,month-to-month,credit_card,1
4,35.53,4,month-to-month,bank_transfer,1
45,86.66,1,one-year,electronic_check,1
28,80.53,0,month-to-month,credit_card,1
66,28.71,3,two-year,credit_card,0
31,23.65,2,one-year,electronic_check,0
3,82.03,2,month-to-month,electronic_check,1
8,49.43,0,month-to-month,credit_card,1
24,28.64,1,one-year,electronic_check,0
15,95.94,1,month-to-month,bank_transfer,1
43,51.4,3,month-to-month,credit_card,1
31,65.96,1,month-to-month,electronic_check,1
45,43.68,2,two-year,bank_transfer,0
66,82.73,1,month-to-month,electronic_check,0
8,50.15,2,month-to-month,electronic_check,1
71,116.8,1,month-to-month,bank_transfer,1
57,90.29,1,one-year,electronic_check,0
30,33.67,0,one-year,credit_card,0
18,61.67,0,month-to-month,electronic_check,1
69,58.54,2,one-year,electronic_check,0
39,73.42,1,month-to-month,electronic_check,1
60,104.19,2,one-year,credit_card,1
43,78.34,2,month-to-month,electronic_check,1
45,26.16,3,one-year,electronic_check,0
23,85.54,2,two-year,bank_transfer,0
69,20.83,1,one-year,bank_transfer,0
6,98.0,2,month-to-month,electronic_check,1
56,86.66,0,one-year,credit_card,0
4,50.88,1,month-to-month,credit_card,1
23,49.24,2,two-year,bank_transfer,0
6,99.83,1,month-to-month,bank_transfer,1
32,98.33,2,one-year,credit_card,1
18,55.23,0,month-to-month,bank_transfer,0
15,49.89,1,month-to-month,credit_card,1
40,75.98,2,month-to-month,electronic_check,1
6,20.84,2,month-to-month,bank_transfer,1
63,28.27,0,month-to-month,credit_card,0
67,32.62,1,month-to-month,electronic_check,0
11,38.54,1,month-to-month,electronic_check,1
43,71.2,1,one-year,bank_transfer,0
17,119.22,2,month-to-month,credit_card,1
4,85.26,2,two-year,electronic_check,1
63,26.13,1,one-year,credit_card,0
68,72.56,2,two-year,bank_transfer,0
41,69.66,1,month-to-month,credit_card,1
5,34.42,2,month-to-month,credit_card,1
32,112.03,0,one-year,bank_transfer,1
70,64.08,1,one-year,credit_card,1
35,119.46,1,one-year,electronic_check,0
22,62.01,2,two-year,credit_card,1
65,80.8,2,one-year,electronic_check,1
22,30.48,3,month-to-month,electronic_check,1
11,65.42,0,two-year,bank_transfer,1
3,43.88,1,one-year,electronic_check,1
9,103.56,1,month-to-month,credit_card,1
60,98.39,1,month-to-month,credit_card,1
14,102.42,1,one-year,electronic_check,1
18,92.36,1,one-year,electronic_check,1
23,103.27,0,two-year,bank_transfer,1
47,40.08,2,month-to-month,credit_card,0
69,65.2,1,one-year,credit_card,0
47,89.18,2,two-year,electronic_check,1
30,83.74,1,one-year,credit_card,1
25,91.64,2,month-to-month,electronic_check,0
28,42.43,2,month-to-month,electronic_check,0
25,29.84,2,one-year,electronic_check,0
58,111.68,4,month-to-month,electronic_check,1
41,76.02,0,two-year,bank_transfer,1
25,35.38,2,month-to-month,bank_transfer,0
48,99.34,2,one-year,credit_card,1
10,111.49,4,month-to-month,bank_transfer,1
11,36.96,2,month-to-month,electronic_check,1
21,101.74,1,one-year,bank_transfer,1
45,113.32,1,month-to-month,electronic_check,1
7,113.84,0,one-year,bank_transfer,1
64,111.42,0,month-to-month,electronic_check,0
64,74.64,5,one-year,electronic_check,1
2,55.62,2,month-to-month,electronic_check,1
42,20.73,3,month-to-month,credit_card,0
54,26.09,1,month-to-month,bank_transfer,0
16,62.88,0,one-year,credit_card,0
18,59.93,1,month-to-month,bank_transfer,1
59,38.47,2,month-to-month,credit_card,1
16,59.55,1,one-year,electronic_check,1
6,37.47,2,month-to-month,credit_card,1
57,104.88,3,one-year,electronic_check,1
47,49.82,3,one-year,electronic_check,1
48,79.86,3,month-to-month,credit_card,1
42,70.28,3,month-to-month,credit_card,0
60,25.19,0,one-year,credit_card,0
4,114.22,1,month-to-month,electronic_check,1
2,72.72,1,month-to-month,credit_card,1
59,52.51,0,one-year,electronic_check,0
27,35.81,1,month-to-month,electronic_check,1
27,53.85,3,month-to-month,credit_card,1
7,22.05,1,month-to-month,bank_transfer,1
63,56.36,0,one-year,credit_card,0
46,73.15,2,one-year,electronic_check,1
63,107.19,0,one-year,credit_card,0
12,88.74,2,two-year,bank_transfer,1
13,31.16,2,month-to-month,bank_transfer,1
43,34.77,1,month-to-month,electronic_check,0
17,62.81,3,month-to-month,credit_card,1
63,39.57,1,month-to-month,credit_card,0
36,22.78,1,month-to-month,bank_transfer,1
8,100.5,2,month-to-month,credit_card,1
69,21.95,1,one-year,bank_transfer,0
36,103.07,1,month-to-month,credit_card,1
28,34.41,2,one-year,credit_card,0
47,117.47,1,month-to-month,electronic_check,1
30,80.39,1,two-year,bank_transfer,1
23,93.5,2,one-year,electronic_check,1
16,31.05,2,one-year,bank_transfer,0
14,106.21,1,two-year,credit_card,1
71,103.92,1,two-year,electronic_check,0
52,85.3,2,month-to-month,electronic_check,1
37,70.23,1,month-to-month,credit_card,0
29,92.15,4,one-year,bank_transfer,1
67,20.59,1,month-to-month,bank_transfer,0
15,79.24,0,month-to-month,electronic_check,0
47,104.74,3,month-to-month,electronic_check,1
46,55.69,0,month-to-month,electronic_check,1
52,30.83,1,month-to-month,credit_card,0
19,62.09,0,month-to-month,bank_transfer,0
21,92.71,4,month-to-month,bank_transfer,1
64,30.73,1,month-to-month,electronic_check,0
37,40.6,1,month-to-month,electronic_check,0
27,34.76,2,one-year,electronic_check,0
55,99.69,1,month-to-month,bank_transfer,0
29,26.29,2,two-year,electronic_check,0
20,88.66,2,month-to-month,credit_card,0
25,56.65,1,two-year,electronic_check,0
70,95.58,2,month-to-month,electronic_check,1
63,116.44,1,two-year,bank_transfer,0
36,31.45,1,month-to-month,electronic_check,1
2,51.44,2,one-year,credit_card,1
22,101.01,1,month-to-month,credit_card,1
16,46.62,2,one-year,electronic_check,1
18,41.51,0,month-to-month,bank_transfer,1
69,102.54,2,one-year,bank_transfer,0
54,118.71,3,one-year,credit_card,1
30,75.69,1,two-year,electronic_check,1
45,47.8,0,one-year,electronic_check,0
19,59.86,3,month-to-month,bank_transfer,1
34,37.01,0,month-to-month,bank_transfer,0
13,96.19,0,one-year,credit_card,1
43,97.35,0,month-to-month,credit_card,0
62,107.51,3,two-year,electronic_check,0
22,22.66,1,month-to-month,credit_card,0
52,76.2,2,month-to-month,credit_card,1
52,41.43,2,one-year,credit_card,0
36,54.09,1,month-to-month,credit_card,1
19,98.5,1,one-year,credit_card,1
38,39.2,2,month-to-month,electronic_check,0
70,83.83,4,month-to-month,credit_card,1
57,85.46,0,two-year,electronic_check,0
20,115.41,2,month-to-month,electronic_check,1
9,97.52,3,one-year,bank_transfer,1
32,100.36,2,month-to-month,credit_card,1
4,73.16,0,one-year,bank_transfer,1
50,38.68,2,month-to-month,credit_card,0
5,62.56,1,month-to-month,bank_transfer,1
20,74.95,2,month-to-month,electronic_check,1
37,87.84,0,month-to-month,electronic_check,1
22,80.77,2,two-year,bank_transfer,1
58,59.4,2,month-to-month,electronic_check,1
68,46.53,1,one-year,bank_transfer,0
44,36.82,1,month-to-month,electronic_check,1
34,89.38,2,month-to-month,credit_card,1
42,84.54,1,month-to-month,bank_transfer,1
9,88.74,2,month-to-month,bank_transfer,1
7,57.25,1,month-to-month,electronic_check,1
68,46.24,2,month-to-month,electronic_check,0
19,95.97,1,one-year,credit_card,1
31,97.36,2,month-to-month,bank_transfer,1
35,65.56,1,month-to-month,electronic_check,1
57,81.19,0,month-to-month,electronic_check,1
61,57.35,5,one-year,credit_card,0
31,90.19,1,month-to-month,electronic_check,1
53,103.57,2,two-year,electronic_check,0
32,88.82,2,month-to-month,electronic_check,1
66,71.26,1,month-to-month,credit_card,0
59,65.87,1,month-to-month,credit_card,0
10,84.23,1,month-to-month,electronic_check,1
2,87.98,2,one-year,electronic_check,1
66,75.87,1,month-to-month,bank_transfer,1
60,82.49,3,month-to-month,electronic_check,1
17,29.66,1,month-to-month,electronic_check,1
16,115.18,0,month-to-month,electronic_check,1
16,99.08,2,two-year,electronic_check,1
46,57.39,1,two-year,credit_card,0
39,76.28,0,month-to-month,bank_transfer,1
31,24.73,1,month-to-month,credit_card,0
1,24.12,2,two-year,bank_transfer,1
11,45.08,2,one-year,credit_card,1
4,88.97,2,two-year,credit_card,1
71,105.21,2,month-to-month,electronic_check,1
26,75.92,1,month-to-month,electronic_check,1
50,73.21,2,one-year,credit_card,0
12,60.23,3,month-to-month,credit_card,1
65,36.16,0,one-year,credit_card,0
47,31.84,2,month-to-month,bank_transfer,0
53,96.07,2,one-year,bank_transfer,1
71,112.75,1,month-to-month,electronic_check,1
2,65.83,0,month-to-month,bank_transfer,1
24,85.94,0,one-year,credit_card,1
4,111.45,1,one-year,credit_card,1
19,29.01,2,one-year,electronic_check,0
26,97.05,2,two-year,bank_transfer,1
40,81.68,0,one-year,bank_transfer,1
50,79.86,0,one-year,electronic_check,0
43,49.25,1,one-year,credit_card,1
67,88.39,3,month-to-month,bank_transfer,1
12,99.48,1,two-year,electronic_check,1
67,31.29,0,month-to-month,bank_transfer,0
27,73.35,1,one-year,electronic_check,0
54,30.13,2,month-to-month,bank_transfer,0
66,107.26,1,month-to-month,electronic_check,1
49,70.76,2,month-to-month,electronic_check,1
16,100.8,5,one-year,bank_transfer,1
2,56.81,0,month-to-month,bank_transfer,0
60,32.51,3,month-to-month,bank_transfer,0
54,24.15,1,one-year,credit_card,0
30,48.15,3,month-to-month,credit_card,1
38,44.42,4,month-to-month,credit_card,1
28,76.04,1,month-to-month,bank_transfer,1
25,22.17,2,one-year,electronic_check,0
10,72.06,2,month-to-month,electronic_check,0
60,59.18,1,two-year,bank_transfer,0
42,77.71,0,month-to-month,credit_card,1
40,90.24,3,month-to-month,credit_card,1
42,83.41,2,month-to-month,bank_transfer,0
47,118.46,2,two-year,bank_transfer,1
37,33.83,2,month-to-month,bank_transfer,0
22,62.97,2,month-to-month,credit_card,1
57,62.48,0,two-year,credit_card,1
27,61.71,0,month-to-month,credit_card,1
41,86.38,0,month-to-month,bank_transfer,1
34,68.98,0,one-year,electronic_check,0
32,71.74,1,one-year,electronic_check,0
66,63.24,5,one-year,electronic_check,0
12,119.17,0,one-year,electronic_check,1
40,112.76,2,one-year,credit_card,1
10,50.77,2,two-year,electronic_check,1
48,31.16,0,one-year,electronic_check,0
20,103.98,2,month-to-month,bank_transfer,1
39,119.72,0,month-to-month,bank_transfer,1
60,49.26,2,one-year,credit_card,0
66,55.78,2,one-year,electronic_check,0
65,114.16,0,month-to-month,credit_card,0
51,91.11,2,month-to-month,electronic_check,1
36,49.56,1,month-to-month,credit_card,1
24,78.1,1,two-year,bank_transfer,0
27,114.42,4,month-to-month,bank_transfer,1
2,101.18,3,month-to-month,electronic_check,1
31,94.18,0,one-year,bank_transfer,1
57,93.7,5,two-year,credit_card,1
66,37.8,2,one-year,electronic_check,0
29,102.47,4,two-year,electronic_check,1
15,47.61,0,one-year,credit_card,0
12,113.04,1,two-year,bank_transfer,1
28,56.46,1,month-to-month,credit_card,1
24,105.77,1,month-to-month,credit_card,1
21,46.62,1,two-year,electronic_check,0
10,71.45,5,month-to-month,electronic_check,1
18,30.69,1,two-year,credit_card,0
14,86.01,0,month-to-month,bank_transfer,0
34,103.61,1,month-to-month,electronic_check,0
58,91.84,3,month-to-month,bank_transfer,1
22,72.33,3,month-to-month,electronic_check,1
70,24.51,0,month-to-month,credit_card,0
36,113.34,1,month-to-month,electronic_check,1
45,90.55,0,two-year,electronic_check,1
36,94.59,0,two-year,electronic_check,1
22,99.47,2,month-to-month,electronic_check,1
61,94.77,1,month-to-month,bank_transfer,1
56,64.11,2,month-to-month,bank_transfer,1
33,93.36,1,month-to-month,credit_card,1
45,82.5,1,one-year,bank_transfer,0
36,105.4,2,month-to-month,electronic_check,1
20,100.25,2,month-to-month,bank_transfer,1
18,24.14,1,one-year,credit_card,0
38,57.89,1,month-to-month,electronic_check,0
67,23.47,1,month-to-month,electronic_check,0
23,30.21,2,one-year,bank_transfer,0
16,80.14,1,one-year,electronic_check,1
59,107.38,2,one-year,electronic_check,1
69,31.98,4,one-year,credit_card,0
68,65.11,0,one-year,credit_card,0
21,111.09,2,month-to-month,bank_transfer,1
70,101.43,2,month-to-month,credit_card,0
12,71.97,1,one-year,electronic_check,0
16,97.16,3,one-year,bank_transfer,1
14,72.27,1,month-to-month,bank_transfer,1
61,35.81,4,month-to-month,bank_transfer,0
71,32.47,2,one-year,electronic_check,0
46,38.84,0,month-to-month,credit_card,0
32,55.09,2,month-to-month,credit_card,0
15,113.05,0,month-to-month,bank_transfer,1
44,99.97,1,month-to-month,electronic_check,1
17,63.28,3,month-to-month,electronic_check,1
41,69.31,2,month-to-month,electronic_check,1
54,46.56,1,one-year,electronic_check,0
44,90.44,2,month-to-month,credit_card,0
5,100.28,3,one-year,credit_card,1
27,43.89,2,one-year,bank_transfer,0
43,24.18,1,month-to-month,credit_card,0
31,82.39,3,month-to-month,electronic_check,1
17,76.25,2,one-year,credit_card,1
54,60.21,3,month-to-month,electronic_check,0
62,84.39,1,month-to-month,electronic_check,1
32,75.06,0,month-to-month,electronic_check,1
40,45.06,2,month-to-month,credit_card,0
13,59.77,1,two-year,bank_transfer,1
35,62.81,0,one-year,electronic_check,0
5,108.02,0,month-to-month,bank_transfer,1
29,116.09,3,two-year,electronic_check,1
70,109.3,2,month-to-month,electronic_check,1
25,91.92,4,one-year,credit_card,1
22,78.5,2,two-year,electronic_check,1
66,88.93,2,two-year,credit_card,0
45,113.91,0,month-to-month,bank_transfer,1
69,45.0,2,one-year,electronic_check,0
1,73.51,1,month-to-month,electronic_check,1
44,88.96,0,month-to-month,bank_transfer,0
39,87.92,0,month-to-month,electronic_check,1
54,45.23,2,one-year,bank_transfer,0
29,78.67,0,month-to-month,credit_card,0
54,99.59,1,month-to-month,credit_card,1
16,67.51,1,month-to-month,bank_transfer,1
20,99.33,0,month-to-month,credit_card,1
46,55.99,2,month-to-month,electronic_check,1
67,113.88,1,two-year,electronic_check,0
65,73.39,2,month-to-month,credit_card,1
58,79.59,1,month-to-month,electronic_check,0
53,23.14,1,one-year,bank_transfer,0
1,37.03,0,one-year,credit_card,1
66,83.29,0,one-year,electronic_check,0
29,61.99,0,one-year,electronic_check,0
70,70.82,2,month-to-month,bank_transfer,1
8,26.3,0,one-year,credit_card,0
29,103.41,1,month-to-month,electronic_check,1
51,98.45,1,one-year,bank_transfer,0
33,38.54,0,two-year,bank_transfer,1
3,83.43,3,two-year,electronic_check,1
60,101.83,0,two-year,electronic_check,1
35,84.09,1,month-to-month,electronic_check,0
69,51.04,1,month-to-month,credit_card,0
20,85.61,2,two-year,bank_transfer,1
39,41.05,0,one-year,credit_card,0
4,51.83,1,month-to-month,electronic_check,1
19,44.01,2,one-year,credit_card,1
45,75.69,0,month-to-month,bank_transfer,0
43,30.82,1,one-year,electronic_check,0
13,113.33,3,two-year,electronic_check,1
13,53.35,4,month-to-month,bank_transfer,1
60,41.9,2,month-to-month,credit_card,0
57,69.65,4,month-to-month,credit_card,1
52,47.7,4,two-year,bank_transfer,1
53,73.49,0,month-to-month,electronic_check,1
43,54.85,1,one-year,electronic_check,0
42,33.21,1,one-year,electronic_check,0
26,46.59,0,month-to-month,electronic_check,1
23,63.84,1,month-to-month,credit_card,1
43,23.03,0,one-year,credit_card,0
28,97.06,0,two-year,electronic_check,0
9,82.18,3,month-to-month,credit_card,1
20,80.14,1,month-to-month,electronic_check,1
56,74.6,2,month-to-month,electronic_check,1
39,79.03,1,one-year,electronic_check,0
51,113.47,3,month-to-month,electronic_check,1
12,20.86,1,two-year,electronic_check,0
55,24.78,0,month-to-month,electronic_check,0
11,39.15,2,month-to-month,bank_transfer,1
26,36.73,0,month-to-month,electronic_check,1
42,38.12,1,two-year,bank_transfer,0
27,87.19,1,month-to-month,electronic_check,1
11,65.95,4,month-to-month,credit_card,1
38,119.18,1,month-to-month,credit_card,1
43,42.69,4,one-year,credit_card,1
19,51.08,2,month-to-month,bank_transfer,1
64,118.42,1,one-year,bank_transfer,1
6,103.18,2,month-to-month,electronic_check,1
46,66.98,2,two-year,credit_card,1
42,75.46,1,two-year,electronic_check,0
65,104.32,2,month-to-month,electronic_check,1
59,68.1,3,two-year,electronic_check,1
52,40.6,1,month-to-month,bank_transfer,0
47,102.84,2,one-year,electronic_check,1
7,73.78,3,month-to-month,credit_card,1
11,35.3,1,month-to-month,electronic_check,1
61,70.56,2,month-to-month,credit_card,1
68,61.32,1,month-to-month,electronic_check,1
25,107.68,0,month-to-month,credit_card,1
12,32.61,0,one-year,bank_transfer,0
26,107.52,4,month-to-month,bank_transfer,1
12,71.22,1,one-year,bank_transfer,1
43,60.44,1,one-year,bank_transfer,0
51,36.2,0,one-year,bank_transfer,0
37,90.08,1,one-year,bank_transfer,1
46,112.68,1,month-to-month,bank_transfer,1
53,57.54,2,month-to-month,electronic_check,1
13,44.16,1,month-to-month,electronic_check,1
54,75.49,0,two-year,electronic_check,1
57,99.62,1,one-year,credit_card,1
4,20.38,0,one-year,credit_card,0
49,83.14,0,two-year,electronic_check,0
7,79.65,1,two-year,electronic_check,1
11,51.82,1,month-to-month,bank_transfer,1
54,65.14,4,month-to-month,electronic_check,0
45,44.7,2,two-year,credit_card,0
23,98.99,2,two-year,credit_card,1
28,83.45,3,one-year,credit_card,1
57,73.27,2,one-year,credit_card,0
26,59.25,3,one-year,bank_transfer,1
25,49.14,2,month-to-month,bank_transfer,1
54,102.27,1,two-year,credit_card,0
29,65.14,1,one-year,bank_transfer,0
36,70.14,0,month-to-month,credit_card,0
14,72.08,2,month-to-month,credit_card,0
35,64.84,3,two-year,electronic_check,1
30,45.61,0,one-year,credit_card,0
17,32.03,2,month-to-month,bank_transfer,0
67,29.85,1,month-to-month,electronic_check,0
30,95.75,2,one-year,credit_card,0
45,42.35,0,month-to-month,electronic_check,0
51,25.57,1,month-to-month,credit_card,0
47,99.75,1,one-year,credit_card,0
53,35.41,2,one-year,electronic_check,0
64,82.51,3,two-year,credit_card,0
38,53.86,0,month-to-month,credit_card,1
64,32.65,0,month-to-month,bank_transfer,0
7,61.45,1,month-to-month,electronic_check,1
22,21.48,3,month-to-month,electronic_check,0
41,104.1,1,month-to-month,bank_transfer,1
10,71.35,0,one-year,electronic_check,0
57,33.92,1,month-to-month,bank_transfer,0
7,43.7,4,two-year,credit_card,1
50,64.8,1,month-to-month,credit_card,0
52,38.89,1,one-year,electronic_check,1
33,46.86,1,two-year,electronic_check,1
1,73.44,3,month-to-month,credit_card,1
53,103.26,1,month-to-month,bank_transfer,1
60,60.18,3,one-year,credit_card,0
34,91.7,6,one-year,credit_card,1
4,107.67,1,one-year,credit_card,0
17,41.63,4,month-to-month,electronic_check,1
4,100.72,0,one-year,electronic_check,1
43,95.74,0,one-year,electronic_check,1
4,55.69,1,month-to-month,electronic_check,1
1,118.95,0,two-year,credit_card,0
71,46.26,1,one-year,bank_transfer,0
50,45.48,0,month-to-month,bank_transfer,0
61,97.23,0,two-year,credit_card,0
35,63.47,1,one-year,bank_transfer,0
8,53.08,1,month-to-month,bank_transfer,1
24,37.87,5,month-to-month,credit_card,1
36,96.53,2,one-year,bank_transfer,1
50,98.63,2,one-year,electronic_check,1
43,76.66,4,two-year,bank_transfer,1
27,115.73,1,month-to-month,bank_transfer,1
32,51.82,1,month-to-month,bank_transfer,1
18,41.96,1,month-to-month,electronic_check,0
28,87.75,1,one-year,electronic_check,0
29,95.84,2,month-to-month,electronic_check,1
16,42.49,1,two-year,electronic_check,0
47,27.66,3,month-to-month,bank_transfer,0
59,101.05,1,month-to-month,bank_transfer,1
31,117.65,0,two-year,bank_transfer,1
4,84.47,1,month-to-month,electronic_check,0
37,47.79,2,two-year,electronic_check,1
17,119.67,3,month-to-month,credit_card,1
39,109.33,2,month-to-month,bank_transfer,1
48,71.34,1,one-year,credit_card,0
46,102.53,1,two-year,bank_transfer,0
48,101.58,4,month-to-month,bank_transfer,1
39,113.48,4,month-to-month,credit_card,1
4,104.09,2,one-year,credit_card,1
30,84.37,2,month-to-month,credit_card,1
30,80.93,1,two-year,credit_card,1
22,66.74,0,month-to-month,credit_card,0
66,82.65,2,two-year,bank_transfer,0
12,99.52,2,month-to-month,electronic_check,1
36,116.9,3,one-year,bank_transfer,1
18,66.73,1,one-year,electronic_check,0
53,77.37,0,month-to-month,electronic_check,1
71,64.48,1,two-year,bank_transfer,0
1,86.85,0,month-to-month,credit_card,1
58,82.99,2,month-to-month,bank_transfer,1
6,21.78,1,month-to-month,electronic_check,1
70,74.12,1,two-year,bank_transfer,0
44,28.85,2,month-to-month,credit_card,0
24,22.64,4,one-year,credit_card,1
19,99.12,2,one-year,bank_transfer,1
18,45.86,1,month-to-month,bank_transfer,0
30,54.07,3,month-to-month,credit_card,1
42,26.41,5,month-to-month,electronic_check,0
33,37.95,2,month-to-month,electronic_check,1
12,96.56,5,month-to-month,electronic_check,1
27,69.35,1,one-year,bank_transfer,1
39,108.07,1,two-year,electronic_check,1
9,59.72,2,month-to-month,bank_transfer,1
21,46.87,1,one-year,electronic_check,0
29,54.76,0,month-to-month,electronic_check,0
33,91.28,1,one-year,electronic_check,1
62,75.5,1,two-year,credit_card,0
15,110.42,1,month-to-month,bank_transfer,1
2,80.22,2,one-year,electronic_check,1
52,69.3,3,one-year,electronic_check,1
44,98.58,1,one-year,bank_transfer,1
54,114.75,5,month-to-month,bank_transfer,1
18,55.58,1,month-to-month,bank_transfer,0
3,44.99,2,month-to-month,credit_card,1
7,81.62,3,month-to-month,bank_transfer,1
43,69.89,2,one-year,credit_card,1
38,118.92,3,month-to-month,electronic_check,1
37,66.24,1,two-year,credit_card,1
58,27.43,3,month-to-month,credit_card,1
33,117.74,2,month-to-month,electronic_check,1
59,104.36,1,one-year,electronic_check,0
11,37.83,0,month-to-month,bank_transfer,1
68,110.46,0,one-year,electronic_check,1
68,54.07,2,month-to-month,credit_card,1
22,57.71,1,month-to-month,credit_card,0
66,110.64,2,month-to-month,electronic_check,0
44,73.01,0,month-to-month,electronic_check,0
6,33.78,2,two-year,credit_card,1
42,56.91,3,month-to-month,electronic_check,1
25,92.21,4,two-year,electronic_check,1
57,37.42,1,month-to-month,electronic_check,0
55,79.02,0,one-year,credit_card,0
16,89.53,2,month-to-month,credit_card,1
14,54.39,2,two-year,bank_transfer,1
39,89.39,0,one-year,electronic_check,1
28,108.42,2,two-year,bank_transfer,1
51,67.21,2,one-year,electronic_check,1
49,58.29,2,month-to-month,credit_card,1
9,45.12,0,two-year,electronic_check,1
58,80.42,2,two-year,bank_transfer,1
45,107.99,2,month-to-month,bank_transfer,1
22,52.47,4,two-year,electronic_check,1
32,59.62,3,one-year,credit_card,1
69,60.66,2,two-year,electronic_check,0
69,76.08,1,two-year,electronic_check,0
42,42.84,1,two-year,credit_card,0
53,102.22,2,two-year,electronic_check,0
59,49.56,1,month-to-month,electronic_check,0
39,90.54,1,month-to-month,bank_transfer,1
15,71.32,1,month-to-month,electronic_check,1
71,78.59,1,month-to-month,credit_card,1
29,37.96,3,month-to-month,electronic_check,0
3,93.5,1,one-year,electronic_check,1
10,38.86,2,month-to-month,credit_card,0
29,31.35,0,one-year,electronic_check,0
35,74.67,1,two-year,credit_card,1
6,90.93,1,one-year,electronic_check,1
12,25.0,2,month-to-month,electronic_check,0
38,26.94,1,month-to-month,electronic_check,1
19,100.27,2,month-to-month,electronic_check,1
67,100.9,1,month-to-month,bank_transfer,1
8,44.53,2,one-year,electronic_check,0
8,81.52,2,month-to-month,bank_transfer,1
47,64.32,3,one-year,electronic_check,0
4,83.27,3,month-to-month,electronic_check,1
51,106.29,3,month-to-month,electronic_check,1
67,27.99,1,one-year,bank_transfer,0
45,97.8,1,month-to-month,electronic_check,0
8,69.3,2,one-year,electronic_check,1
16,76.41,1,two-year,credit_card,1
67,85.39,3,month-to-month,electronic_check,1
9,112.26,0,one-year,electronic_check,1
60,25.67,2,one-year,electronic_check,0
71,22.95,3,one-year,electronic_check,0
15,37.83,1,month-to-month,credit_card,0
71,118.64,0,two-year,electronic_check,0
41,91.51,1,month-to-month,bank_transfer,1
22,81.46,1,month-to-month,bank_transfer,1
24,24.7,2,month-to-month,credit_card,0
44,107.91,2,month-to-month,electronic_check,1
1,101.28,1,month-to-month,bank_transfer,1
10,86.48,3,month-to-month,electronic_check,1
56,53.91,0,month-to-month,bank_transfer,0
50,27.05,1,month-to-month,bank_transfer,0
12,78.0,2,two-year,electronic_check,1
60,91.97,1,month-to-month,bank_transfer,0
26,29.42,1,two-year,bank_transfer,0
41,83.38,1,two-year,electronic_check,1
36,48.64,2,month-to-month,electronic_check,1
23,96.42,2,month-to-month,electronic_check,1
43,73.96,0,month-to-month,electronic_check,1
6,32.9,2,two-year,electronic_check,1
69,72.65,0,one-year,bank_transfer,0
43,59.57,0,two-year,electronic_check,0
25,38.04,3,month-to-month,electronic_check,1
18,104.15,1,two-year,bank_transfer,0
62,21.1,2,month-to-month,bank_transfer,0
13,51.21,2,two-year,credit_card,1
43,21.26,2,month-to-month,credit_card,0
28,29.6,2,one-year,credit_card,1
18,49.71,1,one-year,electronic_check,1
59,25.43,2,one-year,bank_transfer,0
60,79.66,0,month-to-month,bank_transfer,1
63,28.69,3,one-year,credit_card,0
57,90.17,1,month-to-month,electronic_check,1
51,25.26,2,one-year,bank_transfer,1
56,25.93,2,one-year,bank_transfer,0
27,50.53,1,month-to-month,electronic_check,0
32,109.66,1,one-year,bank_transfer,0
9,84.14,3,month-to-month,electronic_check,1
68,97.01,0,month-to-month,bank_transfer,0
46,34.16,4,month-to-month,bank_transfer,0
67,103.41,1,two-year,electronic_check,1
26,20.81,2,one-year,credit_card,0
8,41.31,2,two-year,credit_card,1
6,81.61,3,month-to-month,electronic_check,1
24,57.52,0,one-year,electronic_check,1
48,118.42,0,month-to-month,bank_transfer,0
45,23.03,1,two-year,bank_transfer,0
13,119.86,1,month-to-month,bank_transfer,1
69,82.36,2,one-year,credit_card,0
25,75.87,1,month-to-month,credit_card,1
20,25.95,1,two-year,bank_transfer,1
66,47.33,2,one-year,electronic_check,0
45,112.47,3,two-year,bank_transfer,1
47,55.42,3,month-to-month,bank_transfer,1
63,86.17,2,month-to-month,credit_card,1
55,119.95,2,month-to-month,electronic_check,1
19,46.31,0,month-to-month,bank_transfer,1
35,77.61,1,two-year,bank_transfer,1
53,89.64,2,month-to-month,bank_transfer,1
26,36.46,1,month-to-month,electronic_check,0
14,34.87,2,month-to-month,credit_card,0
45,65.63,2,one-year,bank_transfer,0
44,58.58,1,month-to-month,credit_card,1
65,91.42,1,two-year,electronic_check,0
51,26.95,0,month-to-month,bank_transfer,0
43,117.22,1,one-year,credit_card,1
23,21.43,2,one-year,credit_card,0
56,80.13,1,month-to-month,credit_card,0
19,76.26,0,one-year,electronic_check,0
55,33.47,1,month-to-month,bank_transfer,0
60,35.09,5,one-year,electronic_check,0
59,99.27,3,one-year,electronic_check,1
33,108.76,0,month-to-month,electronic_check,1
19,48.3,1,two-year,bank_transfer,0
28,63.8,0,one-year,credit_card,0
52,55.5,2,one-year,bank_transfer,1
49,27.25,2,month-to-month,credit_card,1
37,87.32,2,month-to-month,electronic_check,1
26,102.52,1,month-to-month,credit_card,0
40,50.49,1,two-year,electronic_check,0
38,119.02,1,two-year,bank_transfer,1
54,27.59,0,month-to-month,bank_transfer,0
22,86.18,2,month-to-month,credit_card,1
16,64.82,0,one-year,credit_card,0
28,64.66,2,one-year,electronic_check,1
35,65.76,1,two-year,electronic_check,1
60,45.87,1,month-to-month,bank_transfer,1
